Number,Name,Type_1,Type_2,Total,HP,Attack,Defense,Sp_Atk,Sp_Def,Speed,Generation,isLegendary,Color,hasGender,Pr_Male,Egg_Group_1,Egg_Group_2,hasMegaEvolution,Height_m,Weight_kg,Catch_Rate,Body_Style,shuffle
696,Tyrunt,Rock,Dragon,362,58,89,77,45,45,48,6,FALSE,Brown,TRUE,0.875,Monster,Dragon,FALSE,0.79,26,45,bipedal_tailed,0.806833178
271,Lombre,Water,Grass,340,60,50,50,60,70,50,3,FALSE,Green,TRUE,0.5,Water_1,Grass,FALSE,1.19,32.5,120,bipedal_tailless,0.846141974
335,Zangoose,Normal,,458,73,115,60,60,60,90,3,FALSE,White,TRUE,0.5,Field,,FALSE,1.3,40.3,90,bipedal_tailed,0.414743526
546,Cottonee,Grass,Fairy,280,40,27,60,37,50,66,5,FALSE,Green,TRUE,0.5,Grass,Fairy,FALSE,0.3,0.6,190,head_only,0.077485161
95,Onix,Rock,Ground,385,35,45,160,30,45,70,1,FALSE,Grey,TRUE,0.5,Mineral,,FALSE,8.79,210,45,serpentine_body,0.141163842
73,Tentacruel,Water,Poison,515,80,70,65,80,120,100,1,FALSE,Blue,TRUE,0.5,Water_3,,FALSE,1.6,55,60,several_limbs,0.997422143
702,Dedenne,Electric,Fairy,431,67,58,57,81,67,101,6,FALSE,Yellow,TRUE,0.5,Field,Fairy,FALSE,0.2,2.2,180,bipedal_tailed,0.636259901
325,Spoink,Psychic,,330,60,25,35,70,80,60,3,FALSE,Black,TRUE,0.5,Field,,FALSE,0.71,30.6,255,head_arms,0.476387131
236,Tyrogue,Fighting,,210,35,35,35,35,35,35,2,FALSE,Purple,TRUE,1,Undiscovered,,FALSE,0.71,21,75,bipedal_tailless,0.454337708
710,Pumpkaboo,Ghost,Grass,335,49,66,70,44,55,51,6,FALSE,Brown,TRUE,0.5,Amorphous,,FALSE,0.41,5,120,head_only,0.308245651
485,Heatran,Fire,Steel,600,91,90,106,130,106,77,4,TRUE,Brown,TRUE,0.5,Undiscovered,,FALSE,1.7,430,3,quadruped,0.406492256
243,Raikou,Electric,,580,90,85,75,115,100,115,2,TRUE,Yellow,FALSE,,Undiscovered,,FALSE,1.91,178,3,quadruped,0.773393968
661,Fletchling,Normal,Flying,278,45,50,43,40,38,62,6,FALSE,Red,TRUE,0.5,Flying,,FALSE,0.3,1.7,255,two_wings,0.210174808
8,Wartortle,Water,,405,59,63,80,65,80,58,1,FALSE,Blue,TRUE,0.875,Monster,Water_1,FALSE,0.99,22.5,45,bipedal_tailed,0.242800052
361,Snorunt,Ice,,300,50,50,50,50,50,50,3,FALSE,Grey,TRUE,0.5,Fairy,Mineral,FALSE,0.71,16.8,190,bipedal_tailless,0.012947251
487,Giratina,Ghost,Dragon,680,150,120,100,120,100,90,4,TRUE,Black,FALSE,,Undiscovered,,FALSE,6.91,650,3,serpentine_body,0.993826177
672,Skiddo,Grass,,350,66,65,48,62,57,52,6,FALSE,Brown,TRUE,0.5,Field,,FALSE,0.89,31,200,quadruped,0.65432654
714,Noibat,Flying,Dragon,245,40,30,35,45,40,55,6,FALSE,Purple,TRUE,0.5,Flying,,FALSE,0.51,8,190,two_wings,0.818879012
27,Sandshrew,Ground,,300,50,75,85,20,30,40,1,FALSE,Yellow,TRUE,0.5,Field,,FALSE,0.61,12,255,bipedal_tailed,0.629576574
592,Frillish,Water,Ghost,335,55,40,50,65,85,40,5,FALSE,White,TRUE,0.5,Amorphous,,FALSE,1.19,33,190,several_limbs,0.826704811
248,Tyranitar,Rock,Dark,600,100,134,110,95,100,61,2,FALSE,Green,TRUE,0.5,Monster,,TRUE,2.01,202,45,bipedal_tailed,0.561389721
31,Nidoqueen,Poison,Ground,505,90,92,87,75,85,76,1,FALSE,Blue,TRUE,0,Undiscovered,,FALSE,1.3,60,45,bipedal_tailed,0.000946492
475,Gallade,Psychic,Fighting,518,68,125,65,65,115,80,4,FALSE,White,TRUE,1,Amorphous,,TRUE,1.6,52,45,bipedal_tailless,0.472586935
19,Rattata,Normal,,253,30,56,35,25,35,72,1,FALSE,Purple,TRUE,0.5,Field,,FALSE,0.3,3.5,255,quadruped,0.154170592
82,Magneton,Electric,Steel,465,50,60,95,120,70,70,1,FALSE,Grey,FALSE,,Mineral,,FALSE,0.99,60,60,multiple_bodies,0.429654659
566,Archen,Rock,Flying,401,55,112,45,74,45,70,5,FALSE,Yellow,TRUE,0.875,Flying,Water_3,FALSE,0.51,9.5,45,two_wings,0.700685924
457,Lumineon,Water,,460,69,69,76,69,86,91,4,FALSE,Blue,TRUE,0.5,Water_2,,FALSE,1.19,24,75,with_fins,0.700582207
680,Doublade,Steel,Ghost,448,59,110,150,45,49,35,6,FALSE,Brown,TRUE,0.5,Mineral,,FALSE,0.84,4.5,90,multiple_bodies,0.015262001
190,Aipom,Normal,,360,55,70,55,40,55,85,2,FALSE,Purple,TRUE,0.5,Field,,FALSE,0.79,11.5,45,bipedal_tailed,0.979332726
547,Whimsicott,Grass,Fairy,480,60,67,85,77,75,116,5,FALSE,Green,TRUE,0.5,Grass,Fairy,FALSE,0.71,6.6,75,bipedal_tailless,0.489609976
326,Grumpig,Psychic,,470,80,45,65,90,110,80,3,FALSE,Purple,TRUE,0.5,Field,,FALSE,0.89,71.5,60,bipedal_tailed,0.198837125
135,Jolteon,Electric,,525,65,65,60,110,95,130,1,FALSE,Yellow,TRUE,0.875,Field,,FALSE,0.79,24.5,45,quadruped,0.843689886
313,Volbeat,Bug,,400,65,73,55,47,75,85,3,FALSE,Grey,TRUE,1,Bug,Human-Like,FALSE,0.71,17.7,150,bipedal_tailed,0.716551053
602,Tynamo,Electric,,275,35,55,40,45,40,60,5,FALSE,White,TRUE,0.5,Amorphous,,FALSE,0.2,0.3,190,with_fins,0.18800044
162,Furret,Normal,,415,85,76,64,45,55,90,2,FALSE,Brown,TRUE,0.5,Field,,FALSE,1.8,32.5,90,quadruped,0.042486525
223,Remoraid,Water,,300,35,65,35,65,35,65,2,FALSE,Grey,TRUE,0.5,Water_1,Water_2,FALSE,0.61,12,190,with_fins,0.1763402
677,Espurr,Psychic,,355,62,48,54,63,60,68,6,FALSE,Grey,TRUE,0.5,Field,,FALSE,0.3,3.5,190,bipedal_tailed,0.661610872
687,Malamar,Dark,Psychic,482,86,92,88,68,75,73,6,FALSE,Blue,TRUE,0.5,Water_1,Water_2,FALSE,1.5,47,80,head_base,0.520025578
130,Gyarados,Water,Flying,540,95,125,79,60,100,81,1,FALSE,Blue,TRUE,0.5,Water_2,Dragon,TRUE,6.5,235,45,serpentine_body,0.75463906
515,Panpour,Water,,316,50,53,48,53,48,64,5,FALSE,Blue,TRUE,0.875,Field,,FALSE,0.61,13.5,190,bipedal_tailed,0.475378702
557,Dwebble,Bug,Rock,325,50,65,85,35,35,55,5,FALSE,Red,TRUE,0.5,Bug,Mineral,FALSE,0.3,14.5,190,insectoid,0.992769233
437,Bronzong,Steel,Psychic,500,67,89,116,79,116,33,4,FALSE,Green,FALSE,,Mineral,,FALSE,1.3,187,90,head_arms,0.713355328
652,Chesnaught,Grass,Fighting,530,88,107,122,74,75,64,6,FALSE,Green,TRUE,0.875,Field,,FALSE,1.6,90,45,bipedal_tailed,0.65938972
526,Gigalith,Rock,,515,85,135,130,60,80,25,5,FALSE,Blue,TRUE,0.5,Mineral,,FALSE,1.7,260,45,several_limbs,0.134152346
517,Munna,Psychic,,292,76,25,45,67,55,24,5,FALSE,Pink,TRUE,0.5,Field,,FALSE,0.61,23.3,190,quadruped,0.301690617
74,Geodude,Rock,Ground,300,40,80,100,30,30,20,1,FALSE,Brown,TRUE,0.5,Mineral,,FALSE,0.41,20,255,head_arms,0.300159788
555,Darmanitan,Fire,,480,105,140,55,30,55,95,5,FALSE,Red,TRUE,0.5,Field,,FALSE,1.3,92.9,60,quadruped,0.518388632
131,Lapras,Water,Ice,535,130,85,80,85,95,60,1,FALSE,Blue,TRUE,0.5,Monster,Water_1,FALSE,2.49,220,45,with_fins,0.107113028
414,Mothim,Bug,Flying,424,70,94,50,94,50,66,4,FALSE,Yellow,TRUE,1,Bug,,FALSE,0.89,23.3,45,four_wings,0.462480718
397,Staravia,Normal,Flying,340,55,75,50,40,40,80,4,FALSE,Brown,TRUE,0.5,Flying,,FALSE,0.61,15.5,120,two_wings,0.527912306
197,Umbreon,Dark,,525,95,65,110,60,130,65,2,FALSE,Black,TRUE,0.875,Field,,FALSE,0.99,27,45,quadruped,0.962492491
388,Grotle,Grass,,405,75,89,85,55,65,36,4,FALSE,Green,TRUE,0.875,Monster,Grass,FALSE,1.09,97,45,quadruped,0.199009541
166,Ledian,Bug,Flying,390,55,35,50,55,110,85,2,FALSE,Red,TRUE,0.5,Bug,,FALSE,1.4,35.6,90,two_wings,0.290878904
291,Ninjask,Bug,Flying,456,61,90,45,50,50,160,3,FALSE,Yellow,TRUE,0.5,Bug,,FALSE,0.79,12,120,four_wings,0.667253793
601,Klinklang,Steel,,520,60,100,115,70,85,90,5,FALSE,Grey,FALSE,,Mineral,,FALSE,0.61,81,30,multiple_bodies,0.483072982
394,Prinplup,Water,,405,64,66,68,81,76,50,4,FALSE,Blue,TRUE,0.875,Water_1,Field,FALSE,0.79,23,45,bipedal_tailed,0.012168705
145,Zapdos,Electric,Flying,580,90,90,85,125,90,100,1,TRUE,Yellow,FALSE,,Undiscovered,,FALSE,1.6,52.6,3,two_wings,0.880079002
513,Pansear,Fire,,316,50,53,48,53,48,64,5,FALSE,Red,TRUE,0.875,Field,,FALSE,0.61,11,190,bipedal_tailed,0.265399935
233,Porygon2,Normal,,515,85,80,90,105,95,60,2,FALSE,Red,FALSE,,Mineral,,FALSE,0.61,32.5,45,head_legs,0.586765268
494,Victini,Psychic,Fire,600,100,100,100,100,100,100,5,TRUE,Yellow,FALSE,,Undiscovered,,FALSE,0.41,4,3,bipedal_tailless,0.59164703
309,Electrike,Electric,,295,40,45,40,65,40,65,3,FALSE,Green,TRUE,0.5,Field,,FALSE,0.61,15.2,120,quadruped,0.765875251
417,Pachirisu,Electric,,405,60,45,70,45,90,95,4,FALSE,White,TRUE,0.5,Field,Fairy,FALSE,0.41,3.9,200,quadruped,0.607751583
49,Venomoth,Bug,Poison,450,70,65,60,90,75,90,1,FALSE,Purple,TRUE,0.5,Bug,,FALSE,1.5,12.5,75,four_wings,0.432586247
90,Shellder,Water,,305,30,65,100,45,25,40,1,FALSE,Purple,TRUE,0.5,Water_3,,FALSE,0.3,4,190,head_only,0.440631696
207,Gligar,Ground,Flying,430,65,75,105,35,65,85,2,FALSE,Purple,TRUE,0.5,Bug,,FALSE,1.09,64.8,60,two_wings,0.565156425
13,Weedle,Bug,Poison,195,40,35,30,20,20,50,1,FALSE,Brown,TRUE,0.5,Bug,,FALSE,0.3,3.2,255,serpentine_body,0.701162628
218,Slugma,Fire,,250,40,40,40,70,40,20,2,FALSE,Red,TRUE,0.5,Amorphous,,FALSE,0.71,35,190,serpentine_body,0.783754899
676,Furfrou,Normal,,472,75,80,60,65,90,102,6,FALSE,White,TRUE,0.5,Field,,FALSE,1.19,28,160,quadruped,0.001033371
320,Wailmer,Water,,400,130,70,35,70,35,60,3,FALSE,Blue,TRUE,0.5,Field,Water_2,FALSE,2.01,130,125,with_fins,0.400113151
10,Caterpie,Bug,,195,45,30,35,20,20,45,1,FALSE,Green,TRUE,0.5,Bug,,FALSE,0.3,2.9,255,insectoid,0.169742953
371,Bagon,Dragon,,300,45,75,60,40,30,50,3,FALSE,Blue,TRUE,0.5,Dragon,,FALSE,0.61,42.1,45,bipedal_tailless,0.383335999
15,Beedrill,Bug,Poison,395,65,90,40,45,80,75,1,FALSE,Yellow,TRUE,0.5,Bug,,TRUE,0.99,29.5,45,four_wings,0.319242331
274,Nuzleaf,Grass,Dark,340,70,70,40,60,40,60,3,FALSE,Brown,TRUE,0.5,Field,Grass,FALSE,0.99,28,120,bipedal_tailless,0.375519448
106,Hitmonlee,Fighting,,455,50,120,53,35,110,87,1,FALSE,Brown,TRUE,1,Human-Like,,FALSE,1.5,49.8,45,bipedal_tailless,0.179836702
482,Azelf,Psychic,,580,75,125,70,125,70,115,4,TRUE,Blue,FALSE,,Undiscovered,,FALSE,0.3,0.3,3,bipedal_tailed,0.657551433
479,Rotom,Electric,Ghost,440,50,50,77,95,77,91,4,FALSE,Red,FALSE,,Amorphous,,FALSE,0.3,0.3,45,head_only,0.498003289
102,Exeggcute,Grass,Psychic,325,60,40,80,60,45,40,1,FALSE,Pink,TRUE,0.5,Grass,,FALSE,0.41,2.5,90,multiple_bodies,0.919691434
664,Scatterbug,Bug,,200,38,35,40,27,25,35,6,FALSE,Black,TRUE,0.5,Bug,,FALSE,0.3,2.5,255,insectoid,0.366990436
501,Oshawott,Water,,308,55,55,45,63,45,45,5,FALSE,Blue,TRUE,0.875,Field,,FALSE,0.51,5.9,45,bipedal_tailed,0.78622578
690,Skrelp,Poison,Water,320,50,60,60,60,60,30,6,FALSE,Brown,TRUE,0.5,Water_1,Dragon,FALSE,0.51,7.3,225,head_base,0.033194834
105,Marowak,Ground,,425,60,80,110,50,80,45,1,FALSE,Brown,TRUE,0.5,Monster,,FALSE,0.99,45,75,bipedal_tailed,0.248778726
68,Machamp,Fighting,,505,90,130,80,65,85,55,1,FALSE,Grey,TRUE,0.75,Human-Like,,FALSE,1.6,130,45,bipedal_tailless,0.683915393
128,Tauros,Normal,,490,75,100,95,40,70,110,1,FALSE,Brown,TRUE,1,Field,,FALSE,1.4,88.4,45,quadruped,0.83026982
719,Diancie,Rock,Fairy,600,50,100,150,100,150,50,6,TRUE,Pink,FALSE,,Undiscovered,,TRUE,0.71,8.8,3,head_arms,0.195221942
143,Snorlax,Normal,,540,160,110,65,65,110,30,1,FALSE,Black,TRUE,0.875,Monster,,FALSE,2.11,460,25,bipedal_tailless,0.852686309
237,Hitmontop,Fighting,,455,50,95,95,35,110,70,2,FALSE,Brown,TRUE,1,Human-Like,,FALSE,1.4,48,45,bipedal_tailed,0.161072479
125,Electabuzz,Electric,,490,65,83,57,95,85,105,1,FALSE,Yellow,TRUE,0.75,Human-Like,,FALSE,1.09,30,45,bipedal_tailed,0.379365362
530,Excadrill,Ground,Steel,508,110,135,60,50,65,88,5,FALSE,Grey,TRUE,0.5,Field,,FALSE,0.71,40.4,60,bipedal_tailless,0.395314782
124,Jynx,Ice,Psychic,455,65,50,35,115,95,95,1,FALSE,Red,TRUE,0,Human-Like,,FALSE,1.4,40.6,45,bipedal_tailless,0.340264588
403,Shinx,Electric,,263,45,65,34,40,34,45,4,FALSE,Blue,TRUE,0.5,Field,,FALSE,0.51,9.5,235,quadruped,0.028218637
718,Zygarde,Dragon,Ground,600,108,100,121,81,95,95,6,TRUE,Green,FALSE,,Undiscovered,,FALSE,5,305,3,serpentine_body,0.027488771
459,Snover,Grass,Ice,334,60,62,50,62,60,40,4,FALSE,White,TRUE,0.5,Monster,Grass,FALSE,0.99,50.5,120,bipedal_tailed,0.693132158
339,Barboach,Water,Ground,288,50,48,43,46,41,60,3,FALSE,Grey,TRUE,0.5,Water_2,,FALSE,0.41,1.9,190,with_fins,0.686560354
3,Venusaur,Grass,Poison,525,80,82,83,100,100,80,1,FALSE,Green,TRUE,0.875,Monster,Grass,TRUE,2.01,100,45,quadruped,0.154054446
357,Tropius,Grass,Flying,460,99,68,83,72,87,51,3,FALSE,Green,TRUE,0.5,Monster,Grass,FALSE,2.01,100,200,quadruped,0.86745826
344,Claydol,Ground,Psychic,500,60,70,105,70,120,75,3,FALSE,Black,FALSE,,Mineral,,FALSE,1.5,108,90,head_arms,0.240628219
24,Arbok,Poison,,438,60,85,69,65,79,80,1,FALSE,Purple,TRUE,0.5,Field,Dragon,FALSE,3.51,65,90,serpentine_body,0.790431322
721,Volcanion,Fire,Water,600,80,110,120,130,90,70,6,TRUE,Brown,FALSE,,Undiscovered,,FALSE,1.7,195,3,quadruped,0.005860994
173,Cleffa,Fairy,,218,50,25,28,45,55,15,2,FALSE,Pink,TRUE,0.25,Undiscovered,,FALSE,0.3,3,150,bipedal_tailed,0.833991948
351,Castform,Normal,,420,70,70,70,70,70,70,3,FALSE,White,TRUE,0.5,Fairy,Amorphous,FALSE,0.3,0.8,45,head_only,0.201099838
389,Torterra,Grass,Ground,525,95,109,105,75,85,56,4,FALSE,Green,TRUE,0.875,Monster,Grass,FALSE,2.21,310,45,quadruped,0.647890525
276,Taillow,Normal,Flying,270,40,55,30,30,30,85,3,FALSE,Blue,TRUE,0.5,Flying,,FALSE,0.3,2.3,200,two_wings,0.565750615
122,Mr._Mime,Psychic,Fairy,460,40,45,65,100,120,90,1,FALSE,Pink,TRUE,0.5,Human-Like,,FALSE,1.3,54.5,45,bipedal_tailless,0.322684986
522,Blitzle,Electric,,295,45,60,32,50,32,76,5,FALSE,Black,TRUE,0.5,Field,,FALSE,0.79,29.8,190,quadruped,0.082634667
420,Cherubi,Grass,,275,45,35,45,62,53,35,4,FALSE,Pink,TRUE,0.5,Fairy,Grass,FALSE,0.41,3.3,190,multiple_bodies,0.222874829
608,Lampent,Ghost,Fire,370,60,40,60,95,60,55,5,FALSE,Black,TRUE,0.5,Amorphous,,FALSE,0.61,13,90,head_arms,0.708419272
462,Magnezone,Electric,Steel,535,70,70,115,130,90,60,4,FALSE,Grey,FALSE,,Mineral,,FALSE,1.19,180,30,head_arms,0.580658257
455,Carnivine,Grass,,454,74,100,72,90,72,46,4,FALSE,Green,TRUE,0.5,Grass,,FALSE,1.4,27,200,several_limbs,0.642625854
606,Beheeyem,Psychic,,485,75,75,75,125,95,40,5,FALSE,Brown,TRUE,0.5,Human-Like,,FALSE,0.99,34.5,90,bipedal_tailless,0.926662997
626,Bouffalant,Normal,,490,95,110,95,40,95,55,5,FALSE,Brown,TRUE,0.5,Field,,FALSE,1.6,94.6,45,quadruped,0.831198295
246,Larvitar,Rock,Ground,300,50,64,50,45,50,41,2,FALSE,Green,TRUE,0.5,Monster,,FALSE,0.61,72,45,bipedal_tailed,0.006270299
71,Victreebel,Grass,Poison,490,80,105,65,100,70,70,1,FALSE,Green,TRUE,0.5,Grass,,FALSE,1.7,15.5,45,head_base,0.7996532
450,Hippowdon,Ground,,525,108,112,118,68,72,47,4,FALSE,Brown,TRUE,0.5,Field,,FALSE,2.01,300,60,quadruped,0.880681265
641,Tornadus,Flying,,580,79,115,70,125,80,111,5,TRUE,Green,TRUE,1,Undiscovered,,FALSE,1.5,63,3,head_arms,0.602000277
448,Lucario,Fighting,Steel,525,70,110,70,115,70,90,4,FALSE,Blue,TRUE,0.875,Field,Human-Like,TRUE,1.19,54,45,bipedal_tailed,0.458750376
569,Garbodor,Poison,,474,80,95,82,60,82,75,5,FALSE,Green,TRUE,0.5,Mineral,,FALSE,1.91,107.3,60,bipedal_tailless,0.959912043
160,Feraligatr,Water,,530,85,105,100,79,83,78,2,FALSE,Blue,TRUE,0.875,Monster,Water_1,FALSE,2.31,88.8,45,bipedal_tailed,0.508852126
117,Seadra,Water,,440,55,65,95,95,45,85,1,FALSE,Blue,TRUE,0.5,Water_1,Dragon,FALSE,1.19,25,75,head_base,0.845705714
508,Stoutland,Normal,,500,85,110,90,45,90,80,5,FALSE,Grey,TRUE,0.5,Field,,FALSE,1.19,61,45,quadruped,0.871683901
111,Rhyhorn,Ground,Rock,345,80,85,95,30,30,25,1,FALSE,Grey,TRUE,0.5,Monster,Field,FALSE,0.99,115,120,quadruped,0.847919493
330,Flygon,Ground,Dragon,520,80,100,80,80,80,100,3,FALSE,Green,TRUE,0.5,Bug,,FALSE,2.01,82,45,two_wings,0.391843579
292,Shedinja,Bug,Ghost,236,1,90,45,30,30,40,3,FALSE,Brown,FALSE,,Mineral,,FALSE,0.79,1.2,45,head_base,0.743492342
408,Cranidos,Rock,,350,67,125,40,30,30,58,4,FALSE,Blue,TRUE,0.875,Monster,,FALSE,0.89,31.5,45,bipedal_tailed,0.362315297
337,Lunatone,Rock,Psychic,440,70,55,65,95,85,70,3,FALSE,Yellow,FALSE,,Mineral,,FALSE,0.99,168,45,head_only,0.032539618
158,Totodile,Water,,314,50,65,64,44,48,43,2,FALSE,Blue,TRUE,0.875,Monster,Water_1,FALSE,0.61,9.5,45,bipedal_tailed,0.025073478
315,Roselia,Grass,Poison,400,50,60,45,100,80,65,3,FALSE,Green,TRUE,0.5,Fairy,Grass,FALSE,0.3,2,150,bipedal_tailless,0.017479
531,Audino,Normal,,445,103,60,86,60,86,50,5,FALSE,Pink,TRUE,0.5,Fairy,,TRUE,1.09,31,255,bipedal_tailed,0.966425773
686,Inkay,Dark,Psychic,288,53,54,53,37,46,45,6,FALSE,Blue,TRUE,0.5,Water_1,Water_2,FALSE,0.41,3.5,190,several_limbs,0.842868579
583,Vanillish,Ice,,395,51,65,65,80,75,59,5,FALSE,White,TRUE,0.5,Mineral,,FALSE,1.09,41,120,head_base,0.577238406
657,Frogadier,Water,,405,54,63,52,83,56,97,6,FALSE,Blue,TRUE,0.875,Water_1,,FALSE,0.61,10.9,45,bipedal_tailless,0.493193315
476,Probopass,Rock,Steel,525,60,55,145,75,150,40,4,FALSE,Grey,TRUE,0.5,Mineral,,FALSE,1.4,340,60,multiple_bodies,0.178006348
535,Tympole,Water,,294,50,50,40,50,40,64,5,FALSE,Blue,TRUE,0.5,Water_1,,FALSE,0.51,4.5,255,with_fins,0.796625219
603,Eelektrik,Electric,,405,65,85,70,75,70,40,5,FALSE,Blue,TRUE,0.5,Amorphous,,FALSE,1.19,22,60,with_fins,0.202869936
706,Goodra,Dragon,,600,90,100,70,110,150,80,6,FALSE,Purple,TRUE,0.5,Dragon,,FALSE,2.01,150.5,45,bipedal_tailed,0.839597393
604,Eelektross,Electric,,515,85,115,80,105,80,50,5,FALSE,Blue,TRUE,0.5,Amorphous,,FALSE,2.11,80.5,30,with_fins,0.117224895
527,Woobat,Psychic,Flying,313,55,45,43,55,43,72,5,FALSE,Blue,TRUE,0.5,Field,Flying,FALSE,0.41,2.1,190,two_wings,0.807852051
234,Stantler,Normal,,465,73,95,62,85,65,85,2,FALSE,Brown,TRUE,0.5,Field,,FALSE,1.4,71.2,45,quadruped,0.882234743
426,Drifblim,Ghost,Flying,498,150,80,44,90,54,80,4,FALSE,Purple,TRUE,0.5,Amorphous,,FALSE,1.19,15,60,head_arms,0.205639989
438,Bonsly,Rock,,290,50,80,95,10,45,10,4,FALSE,Brown,TRUE,0.5,Undiscovered,,FALSE,0.51,15,255,head_legs,0.136437735
336,Seviper,Poison,,458,73,100,60,100,60,65,3,FALSE,Black,TRUE,0.5,Field,Dragon,FALSE,2.69,52.5,90,serpentine_body,0.081198887
140,Kabuto,Rock,Water,355,30,80,90,55,45,55,1,FALSE,Brown,TRUE,0.875,Water_1,Water_3,FALSE,0.51,11.5,45,insectoid,0.829177535
688,Binacle,Rock,Water,306,42,52,67,39,56,50,6,FALSE,Brown,TRUE,0.5,Water_3,,FALSE,0.51,31,120,multiple_bodies,0.875884198
435,Skuntank,Poison,Dark,479,103,93,67,71,61,84,4,FALSE,Purple,TRUE,0.5,Field,,FALSE,0.99,38,60,quadruped,0.505861044
257,Blaziken,Fire,Fighting,530,80,120,70,110,70,80,3,FALSE,Red,TRUE,0.875,Field,,TRUE,1.91,52,45,bipedal_tailed,0.619362795
295,Exploud,Normal,,490,104,91,63,91,73,68,3,FALSE,Blue,TRUE,0.5,Monster,Field,FALSE,1.5,84,45,bipedal_tailed,0.185050489
212,Scizor,Bug,Steel,500,70,130,100,55,80,65,2,FALSE,Red,TRUE,0.5,Bug,,TRUE,1.8,118,25,four_wings,0.272600132
159,Croconaw,Water,,405,65,80,80,59,63,58,2,FALSE,Blue,TRUE,0.875,Monster,Water_1,FALSE,1.09,25,45,bipedal_tailed,0.657861263
278,Wingull,Water,Flying,270,40,30,30,55,30,85,3,FALSE,White,TRUE,0.5,Water_1,Flying,FALSE,0.61,9.5,190,two_wings,0.082207393
230,Kingdra,Water,Dragon,540,75,95,95,95,95,85,2,FALSE,Blue,TRUE,0.5,Water_1,Dragon,FALSE,1.8,152,45,head_base,0.647812344
299,Nosepass,Rock,,375,30,45,135,45,90,30,3,FALSE,Grey,TRUE,0.5,Mineral,,FALSE,0.99,97,255,bipedal_tailless,0.576753239
387,Turtwig,Grass,,318,55,68,64,45,55,31,4,FALSE,Green,TRUE,0.875,Monster,Grass,FALSE,0.41,10.2,45,quadruped,0.020857923
172,Pichu,Electric,,205,20,40,15,35,35,60,2,FALSE,Yellow,TRUE,0.5,Undiscovered,,FALSE,0.3,2,190,quadruped,0.454323948
373,Salamence,Dragon,Flying,600,95,135,80,110,80,100,3,FALSE,Blue,TRUE,0.5,Dragon,,TRUE,1.5,102.6,45,quadruped,0.530922081
396,Starly,Normal,Flying,245,40,55,30,30,30,60,4,FALSE,Brown,TRUE,0.5,Flying,,FALSE,0.3,2,255,two_wings,0.509224449
545,Scolipede,Bug,Poison,485,60,100,89,55,69,112,5,FALSE,Red,TRUE,0.5,Bug,,FALSE,2.49,200.5,45,insectoid,0.36108952
91,Cloyster,Water,Ice,525,50,95,180,85,45,70,1,FALSE,Purple,TRUE,0.5,Water_3,,FALSE,1.5,132.5,60,head_only,0.830676134
286,Breloom,Grass,Fighting,460,60,130,80,60,60,70,3,FALSE,Green,TRUE,0.5,Fairy,Grass,FALSE,1.19,39.2,90,bipedal_tailed,0.298075752
367,Huntail,Water,,485,55,104,105,94,75,52,3,FALSE,Blue,TRUE,0.5,Water_1,,FALSE,1.7,27,60,serpentine_body,0.275051906
362,Glalie,Ice,,480,80,80,80,80,80,80,3,FALSE,Grey,TRUE,0.5,Fairy,Mineral,TRUE,1.5,256.5,75,head_only,0.372115958
213,Shuckle,Bug,Rock,505,20,10,230,10,230,5,2,FALSE,Yellow,TRUE,0.5,Bug,,FALSE,0.61,20.5,190,insectoid,0.307186219
340,Whiscash,Water,Ground,468,110,78,73,76,71,60,3,FALSE,Blue,TRUE,0.5,Water_2,,FALSE,0.89,23.6,75,with_fins,0.234159658
615,Cryogonal,Ice,,485,70,50,30,95,135,105,5,FALSE,Blue,FALSE,,Mineral,,FALSE,1.09,148,25,head_only,0.323003286
399,Bidoof,Normal,,250,59,45,40,35,40,31,4,FALSE,Brown,TRUE,0.5,Water_1,Field,FALSE,0.51,20,255,quadruped,0.252744985
660,Diggersby,Normal,Ground,423,85,56,77,50,77,78,6,FALSE,Brown,TRUE,0.5,Field,,FALSE,0.99,42.4,127,bipedal_tailed,0.181215197
153,Bayleef,Grass,,405,60,62,80,63,80,60,2,FALSE,Green,TRUE,0.875,Monster,Grass,FALSE,1.19,15.8,45,quadruped,0.184033012
663,Talonflame,Fire,Flying,499,78,81,71,74,69,126,6,FALSE,Red,TRUE,0.5,Flying,,FALSE,1.19,24.5,45,two_wings,0.22897874
310,Manectric,Electric,,475,70,75,60,105,60,105,3,FALSE,Yellow,TRUE,0.5,Field,,TRUE,1.5,40.2,45,quadruped,0.715496452
497,Serperior,Grass,,528,75,75,95,75,95,113,5,FALSE,Green,TRUE,0.875,Field,Grass,FALSE,3.3,63,45,serpentine_body,0.115401337
646,Kyurem,Dragon,Ice,660,125,130,90,130,90,95,5,TRUE,Grey,FALSE,,Undiscovered,,FALSE,3,325,3,bipedal_tailed,0.368015135
516,Simipour,Water,,498,75,98,63,98,63,101,5,FALSE,Blue,TRUE,0.875,Field,,FALSE,0.99,29,75,bipedal_tailed,0.861755818
107,Hitmonchan,Fighting,,455,50,105,79,35,110,76,1,FALSE,Brown,TRUE,1,Human-Like,,FALSE,1.4,50.2,45,bipedal_tailless,0.142926637
279,Pelipper,Water,Flying,430,60,50,100,85,70,65,3,FALSE,Yellow,TRUE,0.5,Water_1,Flying,FALSE,1.19,28,45,two_wings,0.199485945
297,Hariyama,Fighting,,474,144,120,60,40,60,50,3,FALSE,Brown,TRUE,0.75,Human-Like,,FALSE,2.31,253.8,200,bipedal_tailless,0.854454668
446,Munchlax,Normal,,390,135,85,40,40,85,5,4,FALSE,Black,TRUE,0.875,Undiscovered,,FALSE,0.61,105,50,bipedal_tailless,0.481498884
284,Masquerain,Bug,Flying,414,70,60,62,80,82,60,3,FALSE,Blue,TRUE,0.5,Water_1,Bug,FALSE,0.79,3.6,75,four_wings,0.310730929
619,Mienfoo,Fighting,,350,45,85,50,55,50,65,5,FALSE,Yellow,TRUE,0.5,Field,Human-Like,FALSE,0.89,20,180,bipedal_tailed,0.991864504
209,Snubbull,Fairy,,300,60,80,50,40,40,30,2,FALSE,Pink,TRUE,0.25,Field,Fairy,FALSE,0.61,7.8,190,bipedal_tailless,0.377645084
473,Mamoswine,Ice,Ground,530,110,130,80,70,60,80,4,FALSE,Brown,TRUE,0.5,Field,,FALSE,2.49,291,50,quadruped,0.337250849
549,Lilligant,Grass,,480,70,60,75,110,75,90,5,FALSE,Green,TRUE,0,Grass,,FALSE,1.09,16.3,75,head_base,0.843030151
593,Jellicent,Water,Ghost,480,100,60,70,85,105,60,5,FALSE,White,TRUE,0.5,Amorphous,,FALSE,2.21,135,60,several_limbs,0.572524607
377,Regirock,Rock,,580,80,100,200,50,100,50,3,TRUE,Brown,FALSE,,Undiscovered,,FALSE,1.7,230,3,bipedal_tailless,0.8208547
627,Rufflet,Normal,Flying,350,70,83,50,37,50,60,5,FALSE,White,TRUE,1,Flying,,FALSE,0.51,10.5,190,two_wings,0.621674317
705,Sliggoo,Dragon,,452,68,75,53,83,113,60,6,FALSE,Purple,TRUE,0.5,Dragon,,FALSE,0.79,17.5,45,serpentine_body,0.486051145
201,Unown,Psychic,,336,48,72,48,72,48,48,2,FALSE,Black,FALSE,,Undiscovered,,FALSE,0.51,5,225,head_only,0.640620184
323,Camerupt,Fire,Ground,460,70,100,70,105,75,40,3,FALSE,Red,TRUE,0.5,Field,,TRUE,1.91,220,150,quadruped,0.134468406
610,Axew,Dragon,,320,46,87,60,30,40,57,5,FALSE,Green,TRUE,0.5,Monster,Dragon,FALSE,0.61,18,75,bipedal_tailed,0.588710651
356,Dusclops,Ghost,,455,40,70,130,60,130,25,3,FALSE,Black,TRUE,0.5,Amorphous,,FALSE,1.6,30.6,90,bipedal_tailless,0.885495532
469,Yanmega,Bug,Flying,515,86,76,86,116,56,95,4,FALSE,Green,TRUE,0.5,Bug,,FALSE,1.91,51.5,30,four_wings,0.092851224
346,Cradily,Rock,Grass,495,86,81,97,81,107,43,3,FALSE,Green,TRUE,0.875,Water_3,,FALSE,1.5,60.4,45,head_base,0.515869788
492,Shaymin,Grass,,600,100,100,100,100,100,100,4,TRUE,Green,FALSE,,Undiscovered,,FALSE,0.2,2.1,45,quadruped,0.778538778
318,Carvanha,Water,Dark,305,45,90,20,65,20,65,3,FALSE,Red,TRUE,0.5,Water_2,,FALSE,0.79,20.8,225,with_fins,0.452998718
198,Murkrow,Dark,Flying,405,60,85,42,85,42,91,2,FALSE,Black,TRUE,0.5,Flying,,FALSE,0.51,2.1,30,two_wings,0.699298589
570,Zorua,Dark,,330,40,65,40,80,40,65,5,FALSE,Grey,TRUE,0.875,Field,,FALSE,0.71,12.5,75,quadruped,0.635504872
203,Girafarig,Normal,Psychic,455,70,80,65,90,65,85,2,FALSE,Yellow,TRUE,0.5,Field,,FALSE,1.5,41.5,60,quadruped,0.766911188
419,Floatzel,Water,,495,85,105,55,85,50,115,4,FALSE,Brown,TRUE,0.5,Water_1,Field,FALSE,1.09,33.5,75,quadruped,0.67154739
200,Misdreavus,Ghost,,435,60,60,60,85,85,85,2,FALSE,Purple,TRUE,0.5,Amorphous,,FALSE,0.71,1,45,head_only,0.743113335
366,Clamperl,Water,,345,35,64,85,74,55,32,3,FALSE,Blue,TRUE,0.5,Water_1,,FALSE,0.41,52.5,255,head_only,0.824625678
468,Togekiss,Fairy,Flying,545,85,50,95,120,115,80,4,FALSE,White,TRUE,0.875,Flying,Fairy,FALSE,1.5,38,30,two_wings,0.566789934
684,Swirlix,Fairy,,341,62,48,66,59,57,49,6,FALSE,White,TRUE,0.5,Fairy,,FALSE,0.41,3.5,200,head_legs,0.574293819
697,Tyrantrum,Rock,Dragon,521,82,121,119,69,59,71,6,FALSE,Red,TRUE,0.875,Monster,Dragon,FALSE,2.49,270,45,bipedal_tailed,0.59904875
685,Slurpuff,Fairy,,480,82,80,86,85,75,72,6,FALSE,White,TRUE,0.5,Fairy,,FALSE,0.79,5,140,bipedal_tailless,0.513247255
266,Silcoon,Bug,,205,50,35,55,25,25,15,3,FALSE,White,TRUE,0.5,Bug,,FALSE,0.61,10,120,head_only,0.664769268
40,Wigglytuff,Normal,Fairy,435,140,70,45,85,50,45,1,FALSE,Pink,TRUE,0.25,Fairy,,FALSE,0.99,12,50,bipedal_tailless,0.539632598
613,Cubchoo,Ice,,305,55,70,40,60,40,40,5,FALSE,Blue,TRUE,0.5,Field,,FALSE,0.51,8.5,120,bipedal_tailed,0.378378263
572,Minccino,Normal,,300,55,50,40,40,40,75,5,FALSE,Grey,TRUE,0.25,Field,,FALSE,0.41,5.8,255,quadruped,0.945152877
179,Mareep,Electric,,280,55,40,40,65,45,35,2,FALSE,White,TRUE,0.5,Monster,Field,FALSE,0.61,7.8,235,quadruped,0.496667503
683,Aromatisse,Fairy,,462,101,72,72,99,89,29,6,FALSE,Pink,TRUE,0.5,Fairy,,FALSE,0.79,15.5,140,bipedal_tailless,0.163453557
381,Latios,Dragon,Psychic,600,80,90,80,130,110,110,3,TRUE,Blue,TRUE,1,Undiscovered,,TRUE,2.01,60,3,two_wings,0.184544068
533,Gurdurr,Fighting,,405,85,105,85,40,50,40,5,FALSE,Grey,TRUE,0.75,Human-Like,,FALSE,1.19,40,90,bipedal_tailless,0.926695285
637,Volcarona,Bug,Fire,550,85,60,65,135,105,100,5,FALSE,White,TRUE,0.5,Bug,,FALSE,1.6,46,15,four_wings,0.008803114
151,Mew,Psychic,,600,100,100,100,100,100,100,1,FALSE,Pink,FALSE,,Undiscovered,,FALSE,0.41,4,45,bipedal_tailed,0.597527533
177,Natu,Psychic,Flying,320,40,50,45,70,45,70,2,FALSE,Green,TRUE,0.5,Flying,,FALSE,0.2,2,190,two_wings,0.056722745
60,Poliwag,Water,,300,40,50,40,40,40,90,1,FALSE,Blue,TRUE,0.5,Water_1,,FALSE,0.61,12.4,255,head_legs,0.393510472
256,Combusken,Fire,Fighting,405,60,85,60,85,60,55,3,FALSE,Red,TRUE,0.875,Field,,FALSE,0.89,19.5,45,bipedal_tailed,0.115290657
431,Glameow,Normal,,310,49,55,42,42,37,85,4,FALSE,Grey,TRUE,0.25,Field,,FALSE,0.51,3.9,190,quadruped,0.402795461
184,Azumarill,Water,Fairy,420,100,50,80,60,80,50,2,FALSE,Blue,TRUE,0.5,Water_1,Fairy,FALSE,0.79,28.5,75,bipedal_tailed,0.436766846
167,Spinarak,Bug,Poison,250,40,60,40,40,40,30,2,FALSE,Green,TRUE,0.5,Bug,,FALSE,0.51,8.5,255,insectoid,0.778215646
211,Qwilfish,Water,Poison,430,65,95,75,55,55,85,2,FALSE,Grey,TRUE,0.5,Water_2,,FALSE,0.51,3.9,45,with_fins,0.903393715
269,Dustox,Bug,Poison,385,60,50,70,50,90,65,3,FALSE,Green,TRUE,0.5,Bug,,FALSE,1.19,31.6,45,four_wings,0.808937723
176,Togetic,Fairy,Flying,405,55,40,85,80,105,40,2,FALSE,White,TRUE,0.875,Flying,Fairy,FALSE,0.61,3.2,75,bipedal_tailless,0.419453198
231,Phanpy,Ground,,330,90,60,60,40,40,40,2,FALSE,Blue,TRUE,0.5,Field,,FALSE,0.51,33.5,120,quadruped,0.414386036
553,Krookodile,Ground,Dark,519,95,117,80,65,70,92,5,FALSE,Red,TRUE,0.5,Field,,FALSE,1.5,96.3,45,bipedal_tailed,0.195881985
577,Solosis,Psychic,,290,45,30,40,105,50,20,5,FALSE,Green,TRUE,0.5,Amorphous,,FALSE,0.3,1,200,head_only,0.901298359
98,Krabby,Water,,325,30,105,90,25,25,50,1,FALSE,Red,TRUE,0.5,Water_3,,FALSE,0.41,6.5,225,insectoid,0.33096442
163,Hoothoot,Normal,Flying,262,60,30,30,36,56,50,2,FALSE,Brown,TRUE,0.5,Flying,,FALSE,0.71,21.2,255,two_wings,0.310300329
103,Exeggutor,Grass,Psychic,520,95,95,85,125,65,55,1,FALSE,Yellow,TRUE,0.5,Grass,,FALSE,2.01,120,45,head_legs,0.947988287
528,Swoobat,Psychic,Flying,425,67,57,55,77,55,114,5,FALSE,Blue,TRUE,0.5,Field,Flying,FALSE,0.89,10.5,45,two_wings,0.33459555
199,Slowking,Water,Psychic,490,95,75,80,100,110,30,2,FALSE,Pink,TRUE,0.5,Monster,Water_1,FALSE,2.01,79.5,70,bipedal_tailed,0.204680643
229,Houndoom,Dark,Fire,500,75,90,50,110,80,95,2,FALSE,Black,TRUE,0.5,Field,,TRUE,1.4,35,45,quadruped,0.207032752
171,Lanturn,Water,Electric,460,125,58,58,76,76,67,2,FALSE,Blue,TRUE,0.5,Water_2,,FALSE,1.19,22.5,75,with_fins,0.156216255
180,Flaaffy,Electric,,365,70,55,55,80,60,45,2,FALSE,Pink,TRUE,0.5,Monster,Field,FALSE,0.79,13.3,120,bipedal_tailed,0.890103047
305,Lairon,Steel,Rock,430,60,90,140,50,50,40,3,FALSE,Grey,TRUE,0.5,Monster,,FALSE,0.89,120,90,quadruped,0.076295252
18,Pidgeot,Normal,Flying,479,83,80,75,70,70,101,1,FALSE,Brown,TRUE,0.5,Flying,,TRUE,1.5,39.5,45,two_wings,0.445469994
136,Flareon,Fire,,525,65,130,60,95,110,65,1,FALSE,Red,TRUE,0.875,Field,,FALSE,0.89,25,45,quadruped,0.555064473
239,Elekid,Electric,,360,45,63,37,65,55,95,2,FALSE,Yellow,TRUE,0.75,Undiscovered,,FALSE,0.61,23.5,45,bipedal_tailless,0.976472669
665,Spewpa,Bug,,213,45,22,60,27,30,29,6,FALSE,Black,TRUE,0.5,Bug,,FALSE,0.3,8.4,120,head_base,0.200234333
108,Lickitung,Normal,,385,90,55,75,60,75,30,1,FALSE,Pink,TRUE,0.5,Monster,,FALSE,1.19,65.5,45,bipedal_tailed,0.44356571
564,Tirtouga,Water,Rock,355,54,78,103,53,45,22,5,FALSE,Blue,TRUE,0.875,Water_1,Water_3,FALSE,0.71,16.5,45,quadruped,0.426081473
114,Tangela,Grass,,435,65,55,115,100,40,60,1,FALSE,Blue,TRUE,0.5,Grass,,FALSE,0.99,35,45,head_legs,0.846587231
607,Litwick,Ghost,Fire,275,50,30,55,65,55,20,5,FALSE,White,TRUE,0.5,Amorphous,,FALSE,0.3,3.1,190,head_base,0.974474732
333,Swablu,Normal,Flying,310,45,40,60,40,75,50,3,FALSE,Blue,TRUE,0.5,Flying,Dragon,FALSE,0.41,1.2,255,two_wings,0.366854584
23,Ekans,Poison,,288,35,60,44,40,54,55,1,FALSE,Purple,TRUE,0.5,Field,Dragon,FALSE,2.01,6.9,255,serpentine_body,0.886802653
386,Deoxys,Psychic,,600,50,150,50,150,50,150,3,TRUE,Red,FALSE,,Undiscovered,,FALSE,1.7,60.8,3,bipedal_tailless,0.813120372
161,Sentret,Normal,,215,35,46,34,35,45,20,2,FALSE,Brown,TRUE,0.5,Field,,FALSE,0.79,6,255,quadruped,0.978317178
670,Floette,Fairy,,371,54,45,47,75,98,52,6,FALSE,White,TRUE,0,Fairy,,FALSE,0.2,0.9,120,head_arms,0.396517849
529,Drilbur,Ground,,328,60,85,40,30,45,68,5,FALSE,Grey,TRUE,0.5,Field,,FALSE,0.3,8.5,120,bipedal_tailed,0.937543079
503,Samurott,Water,,528,95,100,85,108,70,70,5,FALSE,Blue,TRUE,0.875,Field,,FALSE,1.5,94.6,45,quadruped,0.735208616
617,Accelgor,Bug,,495,80,70,40,100,60,145,5,FALSE,Red,TRUE,0.5,Bug,,FALSE,0.79,25.3,75,head_arms,0.940801499
363,Spheal,Ice,Water,290,70,40,50,55,50,25,3,FALSE,Blue,TRUE,0.5,Water_1,Field,FALSE,0.79,39.5,255,with_fins,0.774157187
544,Whirlipede,Bug,Poison,360,40,55,99,40,79,47,5,FALSE,Grey,TRUE,0.5,Bug,,FALSE,1.19,58.5,120,head_only,0.880462087
222,Corsola,Water,Rock,380,55,55,85,65,85,35,2,FALSE,Pink,TRUE,0.25,Water_1,Water_3,FALSE,0.61,5,60,insectoid,0.93994535
192,Sunflora,Grass,,425,75,75,55,105,85,30,2,FALSE,Yellow,TRUE,0.5,Grass,,FALSE,0.79,8.5,120,bipedal_tailless,0.113746933
720,Hoopa,Psychic,Ghost,600,80,110,60,150,130,70,6,TRUE,Purple,FALSE,,Undiscovered,,FALSE,0.51,9,3,head_only,0.279455872
588,Karrablast,Bug,,315,50,75,45,40,45,60,5,FALSE,Blue,TRUE,0.5,Bug,,FALSE,0.51,5.9,200,bipedal_tailless,0.019833451
188,Skiploom,Grass,Flying,340,55,45,50,45,65,80,2,FALSE,Green,TRUE,0.5,Fairy,Grass,FALSE,0.61,1,120,bipedal_tailed,0.956329709
505,Watchog,Normal,,420,60,85,69,60,69,77,5,FALSE,Brown,TRUE,0.5,Field,,FALSE,1.09,27,255,bipedal_tailed,0.737779332
499,Pignite,Fire,Fighting,418,90,93,55,70,55,55,5,FALSE,Red,TRUE,0.875,Field,,FALSE,0.99,55.5,45,bipedal_tailed,0.125897803
16,Pidgey,Normal,Flying,251,40,45,40,35,35,56,1,FALSE,Brown,TRUE,0.5,Flying,,FALSE,0.3,1.8,255,two_wings,0.189382717
186,Politoed,Water,,500,90,75,75,90,100,70,2,FALSE,Green,TRUE,0.5,Water_1,,FALSE,1.09,33.9,45,bipedal_tailed,0.158955557
575,Gothorita,Psychic,,390,60,45,70,75,85,55,5,FALSE,Purple,TRUE,0.25,Human-Like,,FALSE,0.71,18,100,bipedal_tailless,0.142222991
490,Manaphy,Water,,600,100,100,100,100,100,100,4,FALSE,Blue,FALSE,,Water_1,Fairy,FALSE,0.3,1.4,3,bipedal_tailless,0.714136983
400,Bibarel,Normal,Water,410,79,85,60,55,60,71,4,FALSE,Brown,TRUE,0.5,Water_1,Field,FALSE,0.99,31.5,127,bipedal_tailed,0.383581115
204,Pineco,Bug,,290,50,65,90,35,35,15,2,FALSE,Grey,TRUE,0.5,Bug,,FALSE,0.61,7.2,190,head_only,0.865176594
294,Loudred,Normal,,360,84,71,43,71,43,48,3,FALSE,Blue,TRUE,0.5,Monster,Field,FALSE,0.99,40.5,120,bipedal_tailed,0.056117715
659,Bunnelby,Normal,,237,38,36,38,32,36,57,6,FALSE,Brown,TRUE,0.5,Field,,FALSE,0.41,5,255,bipedal_tailed,0.603179503
80,Slowbro,Water,Psychic,490,95,75,110,100,80,30,1,FALSE,Pink,TRUE,0.5,Monster,Water_1,TRUE,1.6,78.5,75,bipedal_tailed,0.12053289
621,Druddigon,Dragon,,485,77,120,90,60,90,48,5,FALSE,Red,TRUE,0.5,Dragon,Monster,FALSE,1.6,139,45,bipedal_tailed,0.693766171
712,Bergmite,Ice,,304,55,69,85,32,35,28,6,FALSE,Blue,TRUE,0.5,Monster,,FALSE,0.99,99.5,190,quadruped,0.260281154
47,Parasect,Bug,Grass,405,60,95,80,60,80,30,1,FALSE,Red,TRUE,0.5,Bug,Grass,FALSE,0.99,29.5,75,insectoid,0.556832837
193,Yanma,Bug,Flying,390,65,65,45,75,45,95,2,FALSE,Red,TRUE,0.5,Bug,,FALSE,1.19,38,75,four_wings,0.298705673
181,Ampharos,Electric,,510,90,75,85,115,90,55,2,FALSE,Yellow,TRUE,0.5,Monster,Field,TRUE,1.4,61.5,45,bipedal_tailed,0.485839059
571,Zoroark,Dark,,510,60,105,60,120,60,105,5,FALSE,Grey,TRUE,0.875,Field,,FALSE,1.6,81.1,45,bipedal_tailed,0.837116804
638,Cobalion,Steel,Fighting,580,91,90,129,90,72,108,5,TRUE,Blue,FALSE,,Undiscovered,,FALSE,2.11,250,3,quadruped,0.487075414
640,Virizion,Grass,Fighting,580,91,90,72,90,129,108,5,TRUE,Green,FALSE,,Undiscovered,,FALSE,2.01,200,3,quadruped,0.127133496
156,Quilava,Fire,,405,58,64,58,80,65,80,2,FALSE,Yellow,TRUE,0.875,Field,,FALSE,0.89,19,45,quadruped,0.79517409
280,Ralts,Psychic,Fairy,198,28,25,25,45,35,40,3,FALSE,White,TRUE,0.5,Amorphous,,FALSE,0.41,6.6,235,bipedal_tailless,0.465255671
523,Zebstrika,Electric,,497,75,100,63,80,63,116,5,FALSE,Black,TRUE,0.5,Field,,FALSE,1.6,79.5,75,quadruped,0.739929434
296,Makuhita,Fighting,,237,72,60,30,20,30,25,3,FALSE,Yellow,TRUE,0.75,Human-Like,,FALSE,0.99,86.4,180,bipedal_tailless,0.870534964
148,Dragonair,Dragon,,420,61,84,65,70,70,70,1,FALSE,Blue,TRUE,0.5,Water_1,Dragon,FALSE,3.99,16.5,45,serpentine_body,0.05886315
404,Luxio,Electric,,363,60,85,49,60,49,60,4,FALSE,Blue,TRUE,0.5,Field,,FALSE,0.89,30.5,120,quadruped,0.151349658
264,Linoone,Normal,,420,78,70,61,50,61,100,3,FALSE,White,TRUE,0.5,Field,,FALSE,0.51,32.5,90,quadruped,0.39285808
17,Pidgeotto,Normal,Flying,349,63,60,55,50,50,71,1,FALSE,Brown,TRUE,0.5,Flying,,FALSE,1.09,30,120,two_wings,0.787196939
302,Sableye,Dark,Ghost,380,50,75,75,65,65,50,3,FALSE,Purple,TRUE,0.5,Human-Like,,TRUE,0.51,11,45,bipedal_tailless,0.314173402
471,Glaceon,Ice,,525,65,60,110,130,95,65,4,FALSE,Blue,TRUE,0.875,Field,,FALSE,0.79,25.9,45,quadruped,0.135615415
644,Zekrom,Dragon,Electric,680,100,150,120,120,100,90,5,TRUE,Black,FALSE,,Undiscovered,,FALSE,2.9,345,3,bipedal_tailed,0.897851267
376,Metagross,Steel,Psychic,600,80,135,130,95,90,70,3,FALSE,Blue,FALSE,,Mineral,,TRUE,1.6,550,3,multiple_bodies,0.310599773
599,Klink,Steel,,300,40,55,70,45,60,30,5,FALSE,Grey,FALSE,,Mineral,,FALSE,0.3,21,130,multiple_bodies,0.554740143
270,Lotad,Water,Grass,220,40,30,30,40,50,30,3,FALSE,Green,TRUE,0.5,Water_1,Grass,FALSE,0.51,2.6,255,insectoid,0.106181415
129,Magikarp,Water,,200,20,10,55,15,20,80,1,FALSE,Red,TRUE,0.5,Water_2,Dragon,FALSE,0.89,10,255,with_fins,0.629443561
175,Togepi,Fairy,,245,35,20,65,40,65,20,2,FALSE,White,TRUE,0.875,Undiscovered,,FALSE,0.3,1.5,190,bipedal_tailless,0.614319793
142,Aerodactyl,Rock,Flying,515,80,105,65,60,75,130,1,FALSE,Purple,TRUE,0.875,Flying,,TRUE,1.8,59,45,two_wings,0.181451227
262,Mightyena,Dark,,420,70,90,70,60,60,70,3,FALSE,Grey,TRUE,0.5,Field,,FALSE,0.99,37,127,quadruped,0.18203532
20,Raticate,Normal,,413,55,81,60,50,70,97,1,FALSE,Brown,TRUE,0.5,Field,,FALSE,0.71,18.5,127,quadruped,0.609388114
225,Delibird,Ice,Flying,330,45,55,45,65,45,75,2,FALSE,Red,TRUE,0.5,Water_1,Field,FALSE,0.89,16,45,two_wings,0.459446473
432,Purugly,Normal,,452,71,82,64,64,59,112,4,FALSE,Grey,TRUE,0.25,Field,,FALSE,0.99,43.8,75,quadruped,0.791699407
364,Sealeo,Ice,Water,410,90,60,70,75,70,45,3,FALSE,Blue,TRUE,0.5,Water_1,Field,FALSE,1.09,87.6,120,with_fins,0.530236062
149,Dragonite,Dragon,Flying,600,91,134,95,100,100,80,1,FALSE,Brown,TRUE,0.5,Water_1,Dragon,FALSE,2.21,210,45,bipedal_tailed,0.734232581
155,Cyndaquil,Fire,,309,39,52,43,60,50,65,2,FALSE,Yellow,TRUE,0.875,Field,,FALSE,0.51,7.9,45,bipedal_tailless,0.331843355
585,Deerling,Normal,Grass,335,60,60,50,40,50,75,5,FALSE,Yellow,TRUE,0.5,Field,,FALSE,0.61,19.5,190,quadruped,0.708543979
452,Drapion,Poison,Dark,500,70,90,110,60,75,95,4,FALSE,Purple,TRUE,0.5,Bug,Water_3,FALSE,1.3,61.5,45,insectoid,0.171719736
645,Landorus,Ground,Flying,600,89,125,90,115,80,101,5,TRUE,Brown,TRUE,1,Undiscovered,,FALSE,1.5,68,3,head_arms,0.631663272
682,Spritzee,Fairy,,341,78,52,60,63,65,23,6,FALSE,Pink,TRUE,0.5,Fairy,,FALSE,0.2,0.5,200,head_arms,0.552409747
502,Dewott,Water,,413,75,75,60,83,60,60,5,FALSE,Blue,TRUE,0.875,Field,,FALSE,0.79,24.5,45,bipedal_tailed,0.207287315
348,Armaldo,Rock,Bug,495,75,125,100,70,80,45,3,FALSE,Grey,TRUE,0.875,Water_3,,FALSE,1.5,68.2,45,bipedal_tailed,0.660011661
634,Zweilous,Dark,Dragon,420,72,85,70,65,70,58,5,FALSE,Blue,TRUE,0.5,Dragon,,FALSE,1.4,50,45,quadruped,0.447712782
5,Charmeleon,Fire,,405,58,64,58,80,65,80,1,FALSE,Red,TRUE,0.875,Monster,Dragon,FALSE,1.09,19,45,bipedal_tailed,0.494325402
510,Liepard,Dark,,446,64,88,50,88,50,106,5,FALSE,Purple,TRUE,0.5,Field,,FALSE,1.09,37.5,90,quadruped,0.138675183
506,Lillipup,Normal,,275,45,60,45,25,45,55,5,FALSE,Brown,TRUE,0.5,Field,,FALSE,0.41,4.1,255,quadruped,0.641042128
565,Carracosta,Water,Rock,495,74,108,133,83,65,32,5,FALSE,Blue,TRUE,0.875,Water_1,Water_3,FALSE,1.19,81,45,bipedal_tailed,0.95622364
119,Seaking,Water,,450,80,92,65,65,80,68,1,FALSE,Red,TRUE,0.5,Water_2,,FALSE,1.3,39,60,with_fins,0.603599163
554,Darumaka,Fire,,315,70,90,45,15,45,50,5,FALSE,Red,TRUE,0.5,Field,,FALSE,0.61,37.5,120,bipedal_tailless,0.5385713
436,Bronzor,Steel,Psychic,300,57,24,86,24,86,23,4,FALSE,Green,FALSE,,Mineral,,FALSE,0.51,60.5,255,head_only,0.694769038
43,Oddish,Grass,Poison,320,45,50,55,75,65,30,1,FALSE,Blue,TRUE,0.5,Grass,,FALSE,0.51,5.4,255,head_legs,0.309388753
402,Kricketune,Bug,,384,77,85,51,55,51,65,4,FALSE,Red,TRUE,0.5,Bug,,FALSE,0.99,25.5,45,four_wings,0.770220458
484,Palkia,Water,Dragon,680,90,120,100,150,120,100,4,TRUE,Purple,FALSE,,Undiscovered,,FALSE,4.19,336,3,bipedal_tailed,0.804449984
224,Octillery,Water,,480,75,105,75,105,75,45,2,FALSE,Red,TRUE,0.5,Water_1,Water_2,FALSE,0.89,28.5,75,several_limbs,0.951559916
434,Stunky,Poison,Dark,329,63,63,47,41,41,74,4,FALSE,Purple,TRUE,0.5,Field,,FALSE,0.41,19.2,225,quadruped,0.255316632
439,Mime_Jr.,Psychic,Fairy,310,20,25,45,70,90,60,4,FALSE,Pink,TRUE,0.5,Undiscovered,,FALSE,0.61,13,145,bipedal_tailless,0.019559108
391,Monferno,Fire,Fighting,405,64,78,52,78,52,81,4,FALSE,Brown,TRUE,0.875,Field,Human-Like,FALSE,0.89,22,45,bipedal_tailed,0.622642476
698,Amaura,Rock,Ice,362,77,59,50,67,63,46,6,FALSE,Blue,TRUE,0.875,Monster,,FALSE,1.3,25.2,45,quadruped,0.168165267
45,Vileplume,Grass,Poison,490,75,80,85,110,90,50,1,FALSE,Red,TRUE,0.5,Grass,,FALSE,1.19,18.6,45,bipedal_tailless,0.819133778
562,Yamask,Ghost,,303,38,30,85,55,65,30,5,FALSE,Black,TRUE,0.5,Mineral,Amorphous,FALSE,0.51,1.5,190,head_arms,0.020892407
6,Charizard,Fire,Flying,534,78,84,78,109,85,100,1,FALSE,Red,TRUE,0.875,Monster,Dragon,TRUE,1.7,90.5,45,bipedal_tailed,0.512114106
422,Shellos,Water,,325,76,48,48,57,62,34,4,FALSE,Purple,TRUE,0.5,Water_1,Amorphous,FALSE,0.3,6.3,190,serpentine_body,0.356037027
716,Xerneas,Fairy,,680,126,131,95,131,98,99,6,TRUE,Blue,FALSE,,Undiscovered,,FALSE,3,215,45,quadruped,0.734204537
55,Golduck,Water,,500,80,82,78,95,80,85,1,FALSE,Blue,TRUE,0.5,Water_1,Field,FALSE,1.7,76.6,75,bipedal_tailed,0.253413136
154,Meganium,Grass,,525,80,82,100,83,100,80,2,FALSE,Green,TRUE,0.875,Monster,Grass,FALSE,1.8,100.5,45,quadruped,0.897584099
695,Heliolisk,Electric,Normal,481,62,55,52,109,94,109,6,FALSE,Yellow,TRUE,0.5,Monster,Dragon,FALSE,0.99,21,75,bipedal_tailed,0.006505246
50,Diglett,Ground,,265,10,55,25,35,45,95,1,FALSE,Brown,TRUE,0.5,Field,,FALSE,0.2,0.8,255,head_base,0.572597104
398,Staraptor,Normal,Flying,485,85,120,70,50,60,100,4,FALSE,Brown,TRUE,0.5,Flying,,FALSE,1.19,24.9,45,two_wings,0.451046519
138,Omanyte,Rock,Water,355,35,40,100,90,55,35,1,FALSE,Blue,TRUE,0.875,Water_1,Water_3,FALSE,0.41,7.5,45,several_limbs,0.631872106
713,Avalugg,Ice,,514,95,117,184,44,46,28,6,FALSE,Blue,TRUE,0.5,Monster,,FALSE,2.01,505,55,quadruped,0.981880042
374,Beldum,Steel,Psychic,300,40,55,80,35,60,30,3,FALSE,Blue,FALSE,,Mineral,,FALSE,0.61,95.2,3,head_base,0.638086171
238,Smoochum,Ice,Psychic,305,45,30,15,85,65,65,2,FALSE,Pink,TRUE,0,Undiscovered,,FALSE,0.41,6,45,bipedal_tailless,0.329134646
281,Kirlia,Psychic,Fairy,278,38,35,35,65,55,50,3,FALSE,White,TRUE,0.5,Amorphous,,FALSE,0.79,20.2,120,bipedal_tailless,0.491994013
169,Crobat,Poison,Flying,535,85,90,80,70,80,130,2,FALSE,Purple,TRUE,0.5,Flying,,FALSE,1.8,75,90,four_wings,0.428756458
4,Charmander,Fire,,309,39,52,43,60,50,65,1,FALSE,Red,TRUE,0.875,Monster,Dragon,FALSE,0.61,8.5,45,bipedal_tailed,0.324568308
66,Machop,Fighting,,305,70,80,50,35,35,35,1,FALSE,Grey,TRUE,0.75,Human-Like,,FALSE,0.79,19.5,180,bipedal_tailed,0.633895378
629,Vullaby,Dark,Flying,370,70,55,75,45,65,60,5,FALSE,Brown,TRUE,0,Flying,,FALSE,0.51,9,190,two_wings,0.211242825
133,Eevee,Normal,,325,55,55,50,45,65,55,1,FALSE,Brown,TRUE,0.875,Field,,FALSE,0.3,6.5,45,quadruped,0.319692256
85,Dodrio,Normal,Flying,460,60,110,70,60,60,100,1,FALSE,Brown,TRUE,0.5,Flying,,FALSE,1.8,85.2,45,head_legs,0.295849012
273,Seedot,Grass,,220,40,40,50,30,30,30,3,FALSE,Brown,TRUE,0.5,Field,Grass,FALSE,0.51,4,255,head_legs,0.401755507
596,Galvantula,Bug,Electric,472,70,77,60,97,60,108,5,FALSE,Yellow,TRUE,0.5,Bug,,FALSE,0.79,14.3,75,insectoid,0.600868431
12,Butterfree,Bug,Flying,395,60,45,50,90,80,70,1,FALSE,White,TRUE,0.5,Bug,,FALSE,1.09,32,45,four_wings,0.266071074
146,Moltres,Fire,Flying,580,90,100,90,125,85,90,1,TRUE,Yellow,FALSE,,Undiscovered,,FALSE,2.01,60,3,two_wings,0.673622548
312,Minun,Electric,,405,60,40,50,75,85,95,3,FALSE,Yellow,TRUE,0.5,Fairy,,FALSE,0.41,4.2,200,bipedal_tailed,0.892864385
220,Swinub,Ice,Ground,250,50,50,40,30,30,50,2,FALSE,Brown,TRUE,0.5,Field,,FALSE,0.41,6.5,225,quadruped,0.465952939
668,Pyroar,Fire,Normal,507,86,68,72,109,66,106,6,FALSE,Brown,TRUE,0.125,Field,,FALSE,1.5,81.5,65,quadruped,0.315885584
99,Kingler,Water,,475,55,130,115,50,50,75,1,FALSE,Red,TRUE,0.5,Water_3,,FALSE,1.3,60,60,insectoid,0.390601863
483,Dialga,Steel,Dragon,680,100,120,120,150,100,90,4,TRUE,White,FALSE,,Undiscovered,,FALSE,5.41,683,3,quadruped,0.562341496
301,Delcatty,Normal,,380,70,65,65,55,55,70,3,FALSE,Purple,TRUE,0.25,Field,Fairy,FALSE,1.09,32.6,60,quadruped,0.743121819
525,Boldore,Rock,,390,70,105,105,50,40,20,5,FALSE,Blue,TRUE,0.5,Mineral,,FALSE,0.89,102,120,several_limbs,0.069133214
707,Klefki,Steel,Fairy,470,57,80,91,80,87,75,6,FALSE,Grey,TRUE,0.5,Mineral,,FALSE,0.2,3,75,head_only,0.897717102
370,Luvdisc,Water,,330,43,30,55,40,65,97,3,FALSE,Pink,TRUE,0.25,Water_2,,FALSE,0.61,8.7,225,with_fins,0.281968799
228,Houndour,Dark,Fire,330,45,60,30,80,50,65,2,FALSE,Black,TRUE,0.5,Field,,FALSE,0.61,10.8,120,quadruped,0.838918679
329,Vibrava,Ground,Dragon,340,50,70,50,50,50,70,3,FALSE,Green,TRUE,0.5,Bug,,FALSE,1.09,15.3,120,four_wings,0.487583036
290,Nincada,Bug,Ground,266,31,45,90,30,30,40,3,FALSE,Grey,TRUE,0.5,Bug,,FALSE,0.51,5.5,255,insectoid,0.741192104
97,Hypno,Psychic,,483,85,73,70,73,115,67,1,FALSE,Yellow,TRUE,0.5,Human-Like,,FALSE,1.6,75.6,75,bipedal_tailless,0.367272822
643,Reshiram,Dragon,Fire,680,100,120,100,150,120,90,5,TRUE,White,FALSE,,Undiscovered,,FALSE,3.2,330,3,two_wings,0.085816764
353,Shuppet,Ghost,,295,44,75,35,63,33,45,3,FALSE,Black,TRUE,0.5,Amorphous,,FALSE,0.61,2.3,225,head_only,0.373528517
76,Golem,Rock,Ground,495,80,120,130,55,65,45,1,FALSE,Brown,TRUE,0.5,Mineral,,FALSE,1.4,300,45,bipedal_tailless,0.41979564
164,Noctowl,Normal,Flying,442,100,50,50,76,96,70,2,FALSE,Brown,TRUE,0.5,Flying,,FALSE,1.6,40.8,90,two_wings,0.607725551
30,Nidorina,Poison,,365,70,62,67,55,55,56,1,FALSE,Blue,TRUE,0,Undiscovered,,FALSE,0.79,20,120,quadruped,0.473806295
206,Dunsparce,Normal,,415,100,70,70,65,65,45,2,FALSE,Yellow,TRUE,0.5,Field,,FALSE,1.5,14,190,serpentine_body,0.607145324
559,Scraggy,Dark,Fighting,348,50,75,70,35,70,48,5,FALSE,Yellow,TRUE,0.5,Field,Dragon,FALSE,0.61,11.8,180,bipedal_tailed,0.501267265
350,Milotic,Water,,540,95,60,79,100,125,81,3,FALSE,Pink,TRUE,0.5,Water_1,Dragon,FALSE,6.2,162,60,serpentine_body,0.844304736
245,Suicune,Water,,580,100,75,115,90,115,85,2,TRUE,Blue,FALSE,,Undiscovered,,FALSE,2.01,187,3,quadruped,0.932936332
345,Lileep,Rock,Grass,355,66,41,77,61,87,23,3,FALSE,Purple,TRUE,0.875,Water_3,,FALSE,0.99,23.8,45,head_base,0.422255949
65,Alakazam,Psychic,,500,55,50,45,135,95,120,1,FALSE,Brown,TRUE,0.75,Human-Like,,TRUE,1.5,48,50,bipedal_tailless,0.937815056
116,Horsea,Water,,295,30,40,70,70,25,60,1,FALSE,Blue,TRUE,0.5,Water_1,Dragon,FALSE,0.41,8,225,head_base,0.810793137
174,Igglybuff,Normal,Fairy,210,90,30,15,40,20,15,2,FALSE,Pink,TRUE,0.25,Undiscovered,,FALSE,0.3,1,170,bipedal_tailless,0.39039828
183,Marill,Water,Fairy,250,70,20,50,20,50,40,2,FALSE,Blue,TRUE,0.5,Water_1,Fairy,FALSE,0.41,8.5,190,bipedal_tailed,0.100260451
390,Chimchar,Fire,,309,44,58,44,58,44,61,4,FALSE,Brown,TRUE,0.875,Field,Human-Like,FALSE,0.51,6.2,45,bipedal_tailed,0.267499005
642,Thundurus,Electric,Flying,580,79,115,70,125,80,111,5,TRUE,Blue,TRUE,1,Undiscovered,,FALSE,1.5,61,3,head_arms,0.351273411
232,Donphan,Ground,,500,90,120,120,60,60,50,2,FALSE,Grey,TRUE,0.5,Field,,FALSE,1.09,120,60,quadruped,0.82415472
347,Anorith,Rock,Bug,355,45,95,50,40,50,75,3,FALSE,Grey,TRUE,0.875,Water_3,,FALSE,0.71,12.5,45,insectoid,0.181182621
598,Ferrothorn,Grass,Steel,489,74,94,131,54,116,20,5,FALSE,Grey,TRUE,0.5,Grass,Mineral,FALSE,0.99,110,90,several_limbs,0.539735263
384,Rayquaza,Dragon,Flying,680,105,150,90,150,90,95,3,TRUE,Green,FALSE,,Undiscovered,,TRUE,7.01,206.5,45,serpentine_body,0.206929518
369,Relicanth,Water,Rock,485,100,90,130,45,65,55,3,FALSE,Grey,TRUE,0.875,Water_1,Water_2,FALSE,0.99,23.4,25,with_fins,0.871920814
453,Croagunk,Poison,Fighting,300,48,61,40,61,40,50,4,FALSE,Blue,TRUE,0.5,Human-Like,,FALSE,0.71,23,140,bipedal_tailless,0.473897998
703,Carbink,Rock,Fairy,500,50,50,150,50,150,50,6,FALSE,Grey,FALSE,,Fairy,Mineral,FALSE,0.3,5.7,60,head_only,0.064294696
465,Tangrowth,Grass,,535,100,100,125,110,50,50,4,FALSE,Blue,TRUE,0.5,Grass,,FALSE,2.01,128.6,30,bipedal_tailless,0.622639836
21,Spearow,Normal,Flying,262,40,60,30,31,31,70,1,FALSE,Brown,TRUE,0.5,Flying,,FALSE,0.3,2,255,two_wings,0.844395215
75,Graveler,Rock,Ground,390,55,95,115,45,45,35,1,FALSE,Brown,TRUE,0.5,Mineral,,FALSE,0.99,105,120,bipedal_tailless,0.221897126
22,Fearow,Normal,Flying,442,65,90,65,61,61,100,1,FALSE,Brown,TRUE,0.5,Flying,,FALSE,1.19,38,90,two_wings,0.038506374
120,Staryu,Water,,340,30,45,55,70,55,85,1,FALSE,Brown,FALSE,,Water_3,,FALSE,0.79,34.5,225,head_base,0.319837729
551,Sandile,Ground,Dark,292,50,72,35,35,35,65,5,FALSE,Brown,TRUE,0.5,Field,,FALSE,0.71,15.2,180,quadruped,0.642751521
96,Drowzee,Psychic,,328,60,48,45,43,90,42,1,FALSE,Yellow,TRUE,0.5,Human-Like,,FALSE,0.99,32.4,190,bipedal_tailless,0.632812266
486,Regigigas,Normal,,670,110,160,110,80,110,100,4,TRUE,White,FALSE,,Undiscovered,,FALSE,3.71,420,3,bipedal_tailless,0.831305956
139,Omastar,Rock,Water,495,70,60,125,115,70,55,1,FALSE,Blue,TRUE,0.875,Water_1,Water_3,FALSE,0.99,35,45,several_limbs,0.667973996
679,Honedge,Steel,Ghost,325,45,80,100,35,37,28,6,FALSE,Brown,TRUE,0.5,Mineral,,FALSE,0.79,2,180,head_base,0.232259747
428,Lopunny,Normal,,480,65,76,84,54,96,105,4,FALSE,Brown,TRUE,0.5,Field,Human-Like,TRUE,1.19,33.3,60,bipedal_tailed,0.616427011
54,Psyduck,Water,,320,50,52,48,65,50,55,1,FALSE,Yellow,TRUE,0.5,Water_1,Field,FALSE,0.79,19.6,190,bipedal_tailed,0.31973718
474,Porygon-Z,Normal,,535,85,80,70,135,75,90,4,FALSE,Red,FALSE,,Mineral,,FALSE,0.89,34,30,head_arms,0.442929033
285,Shroomish,Grass,,295,60,40,60,40,60,35,3,FALSE,Brown,TRUE,0.5,Fairy,Grass,FALSE,0.41,4.5,255,head_legs,0.282960847
509,Purrloin,Dark,,281,41,50,37,50,37,66,5,FALSE,Purple,TRUE,0.5,Field,,FALSE,0.41,10.1,255,quadruped,0.79293174
11,Metapod,Bug,,205,50,20,55,25,25,30,1,FALSE,Green,TRUE,0.5,Bug,,FALSE,0.71,9.9,120,serpentine_body,0.623117354
630,Mandibuzz,Dark,Flying,510,110,65,105,55,95,80,5,FALSE,Brown,TRUE,0,Flying,,FALSE,1.19,39.5,60,two_wings,0.661538825
704,Goomy,Dragon,,300,45,50,35,55,75,40,6,FALSE,Purple,TRUE,0.5,Dragon,,FALSE,0.3,2.8,45,serpentine_body,0.103238839
349,Feebas,Water,,200,20,15,20,10,55,80,3,FALSE,Brown,TRUE,0.5,Water_1,Dragon,FALSE,0.61,7.4,255,with_fins,0.849151292
463,Lickilicky,Normal,,515,110,85,95,80,95,50,4,FALSE,Pink,TRUE,0.5,Monster,,FALSE,1.7,140,30,bipedal_tailless,0.049711113
561,Sigilyph,Psychic,Flying,490,72,58,80,103,80,97,5,FALSE,Black,TRUE,0.5,Flying,,FALSE,1.4,14,45,two_wings,0.838943699
242,Blissey,Normal,,540,255,10,10,75,135,55,2,FALSE,Pink,TRUE,0,Fairy,,FALSE,1.5,46.8,30,bipedal_tailless,0.60202231
700,Sylveon,Fairy,,525,95,65,65,110,130,60,6,FALSE,Pink,TRUE,0.875,Field,,FALSE,0.99,23.5,45,quadruped,0.633228275
316,Gulpin,Poison,,302,70,43,53,43,53,40,3,FALSE,Green,TRUE,0.5,Amorphous,,FALSE,0.41,10.3,225,head_arms,0.943443243
69,Bellsprout,Grass,Poison,300,50,75,35,70,30,40,1,FALSE,Green,TRUE,0.5,Grass,,FALSE,0.71,4,255,bipedal_tailless,0.036240664
354,Banette,Ghost,,455,64,115,65,83,63,65,3,FALSE,Black,TRUE,0.5,Amorphous,,TRUE,1.09,12.5,45,bipedal_tailed,0.089926208
614,Beartic,Ice,,485,95,110,80,70,80,50,5,FALSE,White,TRUE,0.5,Field,,FALSE,2.59,260,60,quadruped,0.972549879
244,Entei,Fire,,580,115,115,85,90,75,100,2,TRUE,Brown,FALSE,,Undiscovered,,FALSE,2.11,198,3,quadruped,0.725553365
579,Reuniclus,Psychic,,490,110,65,75,125,85,30,5,FALSE,Green,TRUE,0.5,Amorphous,,FALSE,0.99,20.1,50,head_arms,0.179011669
489,Phione,Water,,480,80,80,80,80,80,80,4,FALSE,Blue,FALSE,,Water_1,Fairy,FALSE,0.41,3.1,30,head_arms,0.044049035
597,Ferroseed,Grass,Steel,305,44,50,91,24,86,10,5,FALSE,Grey,TRUE,0.5,Grass,Mineral,FALSE,0.61,18.8,255,head_only,0.620344613
519,Pidove,Normal,Flying,264,50,55,50,36,30,43,5,FALSE,Grey,TRUE,0.5,Flying,,FALSE,0.3,2.1,255,two_wings,0.367447758
429,Mismagius,Ghost,,495,60,60,60,105,105,105,4,FALSE,Purple,TRUE,0.5,Amorphous,,FALSE,0.89,4.4,45,head_only,0.574492219
537,Seismitoad,Water,Ground,509,105,95,75,85,75,74,5,FALSE,Blue,TRUE,0.5,Water_1,,FALSE,1.5,62,45,bipedal_tailless,0.00019684
221,Piloswine,Ice,Ground,450,100,100,80,60,60,50,2,FALSE,Brown,TRUE,0.5,Field,,FALSE,1.09,55.8,75,quadruped,0.66143246
113,Chansey,Normal,,450,250,5,5,35,105,50,1,FALSE,Pink,TRUE,0,Fairy,,FALSE,1.09,34.6,30,bipedal_tailed,0.938167965
189,Jumpluff,Grass,Flying,460,75,55,70,55,95,110,2,FALSE,Blue,TRUE,0.5,Fairy,Grass,FALSE,0.79,3,45,bipedal_tailed,0.801007652
568,Trubbish,Poison,,329,50,50,62,40,62,65,5,FALSE,Green,TRUE,0.5,Mineral,,FALSE,0.61,31,190,bipedal_tailless,0.527131381
317,Swalot,Poison,,467,100,73,83,73,83,55,3,FALSE,Purple,TRUE,0.5,Amorphous,,FALSE,1.7,80,75,head_arms,0.643404323
53,Persian,Normal,,440,65,70,60,65,65,115,1,FALSE,Yellow,TRUE,0.5,Field,,FALSE,0.99,32,90,quadruped,0.431393379
701,Hawlucha,Fighting,Flying,500,78,92,75,74,63,118,6,FALSE,Green,TRUE,0.5,Human-Like,,FALSE,0.79,21.5,100,bipedal_tailless,0.816290201
589,Escavalier,Bug,Steel,495,70,135,105,60,105,20,5,FALSE,Grey,TRUE,0.5,Bug,,FALSE,0.99,33,75,head_arms,0.355183618
170,Chinchou,Water,Electric,330,75,38,38,56,56,67,2,FALSE,Blue,TRUE,0.5,Water_2,,FALSE,0.51,12,190,with_fins,0.412265583
34,Nidoking,Poison,Ground,505,81,102,77,85,75,85,1,FALSE,Purple,TRUE,1,Monster,Field,FALSE,1.4,62,45,bipedal_tailed,0.893476911
395,Empoleon,Water,Steel,530,84,86,88,111,101,60,4,FALSE,Blue,TRUE,0.875,Water_1,Field,FALSE,1.7,84.5,45,bipedal_tailed,0.233508139
715,Noivern,Flying,Dragon,535,85,70,80,97,80,123,6,FALSE,Purple,TRUE,0.5,Flying,,FALSE,1.5,85,45,two_wings,0.504502698
217,Ursaring,Normal,,500,90,130,75,75,75,55,2,FALSE,Brown,TRUE,0.5,Field,,FALSE,1.8,125.8,60,bipedal_tailed,0.902142346
624,Pawniard,Dark,Steel,340,45,85,70,40,40,60,5,FALSE,Red,TRUE,0.5,Human-Like,,FALSE,0.51,10.2,120,bipedal_tailless,0.310132588
574,Gothita,Psychic,,290,45,30,50,55,65,45,5,FALSE,Purple,TRUE,0.25,Human-Like,,FALSE,0.41,5.8,200,bipedal_tailless,0.8110583
651,Quilladin,Grass,,405,61,78,95,56,58,57,6,FALSE,Green,TRUE,0.875,Field,,FALSE,0.71,29,45,bipedal_tailed,0.576332998
524,Roggenrola,Rock,,280,55,75,85,25,25,15,5,FALSE,Blue,TRUE,0.5,Mineral,,FALSE,0.41,18,255,head_legs,0.903636188
600,Klang,Steel,,440,60,80,95,70,85,50,5,FALSE,Grey,FALSE,,Mineral,,FALSE,0.61,51,60,multiple_bodies,0.595525884
521,Unfezant,Normal,Flying,488,80,115,80,65,55,93,5,FALSE,Grey,TRUE,0.5,Flying,,FALSE,1.19,29,45,two_wings,0.818938195
255,Torchic,Fire,,310,45,60,40,70,50,45,3,FALSE,Red,TRUE,0.875,Field,,FALSE,0.41,2.5,45,head_legs,0.711866802
328,Trapinch,Ground,,290,45,100,45,45,45,10,3,FALSE,Brown,TRUE,0.5,Bug,,FALSE,0.71,15,255,insectoid,0.805053959
495,Snivy,Grass,,308,45,45,55,45,55,63,5,FALSE,Green,TRUE,0.875,Field,Grass,FALSE,0.61,8.1,45,bipedal_tailed,0.064055373
84,Doduo,Normal,Flying,310,35,85,45,35,35,75,1,FALSE,Brown,TRUE,0.5,Flying,,FALSE,1.4,39.2,190,head_legs,0.458572941
52,Meowth,Normal,,290,40,45,35,40,40,90,1,FALSE,Yellow,TRUE,0.5,Field,,FALSE,0.41,4.2,255,quadruped,0.620716443
39,Jigglypuff,Normal,Fairy,270,115,45,20,45,25,20,1,FALSE,Pink,TRUE,0.25,Fairy,,FALSE,0.51,5.5,170,bipedal_tailless,0.412236399
378,Regice,Ice,,580,80,50,100,100,200,50,3,TRUE,Blue,FALSE,,Undiscovered,,FALSE,1.8,175,3,bipedal_tailless,0.806245405
275,Shiftry,Grass,Dark,480,90,100,60,90,60,80,3,FALSE,Brown,TRUE,0.5,Field,Grass,FALSE,1.3,59.6,45,bipedal_tailless,0.541798478
548,Petilil,Grass,,280,45,35,50,70,50,30,5,FALSE,Green,TRUE,0,Grass,,FALSE,0.51,6.6,190,head_base,0.005411645
358,Chimecho,Psychic,,425,65,50,70,95,80,65,3,FALSE,Blue,TRUE,0.5,Amorphous,,FALSE,0.61,1,45,head_arms,0.066806607
61,Poliwhirl,Water,,385,65,65,65,50,50,90,1,FALSE,Blue,TRUE,0.5,Water_1,,FALSE,0.99,20,120,bipedal_tailless,0.420073213
36,Clefable,Fairy,,483,95,70,73,95,90,60,1,FALSE,Pink,TRUE,0.25,Fairy,,FALSE,1.3,40,25,bipedal_tailed,0.98632584
359,Absol,Dark,,465,65,130,60,75,60,75,3,FALSE,White,TRUE,0.5,Field,,TRUE,1.19,47,30,quadruped,0.485180625
141,Kabutops,Rock,Water,495,60,115,105,65,70,80,1,FALSE,Brown,TRUE,0.875,Water_1,Water_3,FALSE,1.3,40.5,45,bipedal_tailed,0.350926895
550,Basculin,Water,,460,70,92,65,80,55,98,5,FALSE,Green,TRUE,0.5,Water_2,,FALSE,0.99,18,25,with_fins,0.41975283
694,Helioptile,Electric,Normal,289,44,38,33,61,43,70,6,FALSE,Yellow,TRUE,0.5,Monster,Dragon,FALSE,0.51,6,190,bipedal_tailed,0.44841186
254,Sceptile,Grass,,530,70,85,65,105,85,120,3,FALSE,Green,TRUE,0.875,Monster,Dragon,TRUE,1.7,52.2,45,bipedal_tailed,0.237908917
628,Braviary,Normal,Flying,510,100,123,75,57,75,80,5,FALSE,Red,TRUE,1,Flying,,FALSE,1.5,41,60,two_wings,0.445655901
219,Magcargo,Fire,Rock,410,50,50,120,80,80,30,2,FALSE,Red,TRUE,0.5,Amorphous,,FALSE,0.79,55,75,serpentine_body,0.243083174
671,Florges,Fairy,,552,78,65,68,112,154,75,6,FALSE,White,TRUE,0,Fairy,,FALSE,1.09,10,45,head_arms,0.082497298
150,Mewtwo,Psychic,,680,106,110,90,154,90,130,1,TRUE,Purple,FALSE,,Undiscovered,,TRUE,2.01,122,3,bipedal_tailed,0.853630709
332,Cacturne,Grass,Dark,475,70,115,60,115,60,55,3,FALSE,Green,TRUE,0.5,Grass,Human-Like,FALSE,1.3,77.4,60,bipedal_tailless,0.057725639
267,Beautifly,Bug,Flying,395,60,70,50,100,50,65,3,FALSE,Yellow,TRUE,0.5,Bug,,FALSE,0.99,28.4,45,four_wings,0.920962292
460,Abomasnow,Grass,Ice,494,90,92,75,92,85,60,4,FALSE,White,TRUE,0.5,Monster,Grass,TRUE,2.21,135.5,60,bipedal_tailed,0.248001781
536,Palpitoad,Water,Ground,384,75,65,55,65,55,69,5,FALSE,Blue,TRUE,0.5,Water_1,,FALSE,0.79,17,120,bipedal_tailed,0.34202625
48,Venonat,Bug,Poison,305,60,55,50,40,55,45,1,FALSE,Purple,TRUE,0.5,Bug,,FALSE,0.99,30,190,bipedal_tailless,0.808957229
44,Gloom,Grass,Poison,395,60,65,70,85,75,40,1,FALSE,Blue,TRUE,0.5,Grass,,FALSE,0.79,8.6,120,bipedal_tailless,0.191813624
196,Espeon,Psychic,,525,65,65,60,130,95,110,2,FALSE,Purple,TRUE,0.875,Field,,FALSE,0.89,26.5,45,quadruped,0.011759144
307,Meditite,Fighting,Psychic,280,30,40,55,40,55,60,3,FALSE,Blue,TRUE,0.5,Human-Like,,FALSE,0.61,11.2,180,bipedal_tailless,0.800367245
512,Simisage,Grass,,498,75,98,63,98,63,101,5,FALSE,Green,TRUE,0.875,Field,,FALSE,1.09,30.5,75,bipedal_tailed,0.240088665
94,Gengar,Ghost,Poison,500,60,65,60,130,75,110,1,FALSE,Purple,TRUE,0.5,Amorphous,,TRUE,1.5,40.5,45,bipedal_tailed,0.332309909
500,Emboar,Fire,Fighting,528,110,123,65,100,65,65,5,FALSE,Red,TRUE,0.875,Field,,FALSE,1.6,150,45,bipedal_tailed,0.407821614
675,Pangoro,Fighting,Dark,495,95,124,78,69,71,58,6,FALSE,White,TRUE,0.5,Field,Human-Like,FALSE,2.11,136,65,bipedal_tailless,0.035665996
511,Pansage,Grass,,316,50,53,48,53,48,64,5,FALSE,Green,TRUE,0.875,Field,,FALSE,0.61,10.5,190,bipedal_tailed,0.367713977
338,Solrock,Rock,Psychic,440,70,95,85,55,65,70,3,FALSE,Red,FALSE,,Mineral,,FALSE,1.19,154,45,head_only,0.86760012
587,Emolga,Electric,Flying,428,55,75,60,75,60,103,5,FALSE,White,TRUE,0.5,Field,,FALSE,0.41,5,200,quadruped,0.341876875
488,Cresselia,Psychic,,600,120,70,120,75,130,85,4,FALSE,Yellow,TRUE,0,Undiscovered,,FALSE,1.5,85.6,3,serpentine_body,0.571439629
415,Combee,Bug,Flying,244,30,30,42,30,42,70,4,FALSE,Yellow,TRUE,0.875,Bug,,FALSE,0.3,5.5,120,multiple_bodies,0.546001568
272,Ludicolo,Water,Grass,480,80,70,70,90,100,70,3,FALSE,Green,TRUE,0.5,Water_1,Grass,FALSE,1.5,55,45,bipedal_tailless,0.595880452
692,Clauncher,Water,,330,50,53,62,58,63,44,6,FALSE,Blue,TRUE,0.5,Water_1,Water_3,FALSE,0.51,8.3,225,insectoid,0.193410552
478,Froslass,Ice,Ghost,480,70,80,70,80,70,110,4,FALSE,White,TRUE,0,Fairy,Mineral,FALSE,1.3,26.6,75,head_arms,0.704464012
413,Wormadam,Bug,Grass,424,60,59,85,79,105,36,4,FALSE,Grey,TRUE,0,Bug,,FALSE,0.51,6.5,45,head_base,0.223641478
625,Bisharp,Dark,Steel,490,65,125,100,60,70,70,5,FALSE,Red,TRUE,0.5,Human-Like,,FALSE,1.6,70,45,bipedal_tailless,0.064762787
277,Swellow,Normal,Flying,430,60,85,60,50,50,125,3,FALSE,Blue,TRUE,0.5,Flying,,FALSE,0.71,19.8,45,two_wings,0.194349566
481,Mesprit,Psychic,,580,80,105,105,105,105,80,4,TRUE,Pink,FALSE,,Undiscovered,,FALSE,0.3,0.3,3,bipedal_tailed,0.319571085
708,Phantump,Ghost,Grass,309,43,70,48,50,60,38,6,FALSE,Brown,TRUE,0.5,Grass,Amorphous,FALSE,0.41,7,120,head_arms,0.597187737
182,Bellossom,Grass,,490,75,80,95,90,100,50,2,FALSE,Green,TRUE,0.5,Grass,,FALSE,0.41,5.8,45,bipedal_tailless,0.024256406
67,Machoke,Fighting,,405,80,100,70,50,60,45,1,FALSE,Grey,TRUE,0.75,Human-Like,,FALSE,1.5,70.5,90,bipedal_tailless,0.37251906
591,Amoonguss,Grass,Poison,464,114,85,70,85,80,30,5,FALSE,Grey,TRUE,0.5,Grass,,FALSE,0.61,10.5,75,head_arms,0.544924476
540,Sewaddle,Bug,Grass,310,45,53,70,40,60,42,5,FALSE,Yellow,TRUE,0.5,Bug,,FALSE,0.3,2.5,255,insectoid,0.906807508
709,Trevenant,Ghost,Grass,474,85,110,76,65,82,56,6,FALSE,Brown,TRUE,0.5,Grass,Amorphous,FALSE,1.5,71,60,several_limbs,0.302739787
247,Pupitar,Rock,Ground,410,70,84,70,65,70,51,2,FALSE,Grey,TRUE,0.5,Monster,,FALSE,1.19,152,45,serpentine_body,0.586743631
477,Dusknoir,Ghost,,525,45,100,135,65,135,45,4,FALSE,Black,TRUE,0.5,Amorphous,,FALSE,2.21,106.6,45,head_arms,0.777030038
623,Golurk,Ground,Ghost,483,89,124,80,55,80,55,5,FALSE,Green,FALSE,,Mineral,,FALSE,2.79,330,90,bipedal_tailless,0.862545124
699,Aurorus,Rock,Ice,521,123,77,72,99,92,58,6,FALSE,Blue,TRUE,0.875,Monster,,FALSE,2.69,225,45,quadruped,0.48193893
472,Gliscor,Ground,Flying,510,75,95,125,45,75,95,4,FALSE,Purple,TRUE,0.5,Bug,,FALSE,2.01,42.5,30,two_wings,0.676144079
622,Golett,Ground,Ghost,303,59,74,50,35,50,35,5,FALSE,Green,FALSE,,Mineral,,FALSE,0.99,92,190,bipedal_tailless,0.952892399
605,Elgyem,Psychic,,335,55,55,55,85,55,30,5,FALSE,Grey,TRUE,0.5,Human-Like,,FALSE,0.51,9,255,bipedal_tailed,0.11453268
631,Heatmor,Fire,,484,85,97,66,105,66,65,5,FALSE,Red,TRUE,0.5,Field,,FALSE,1.4,58,90,bipedal_tailed,0.889372669
322,Numel,Fire,Ground,305,60,60,40,65,45,35,3,FALSE,Yellow,TRUE,0.5,Field,,FALSE,0.71,24,255,quadruped,0.293897781
185,Sudowoodo,Rock,,410,70,100,115,30,65,30,2,FALSE,Brown,TRUE,0.5,Mineral,,FALSE,1.19,38,65,bipedal_tailless,0.988266429
89,Muk,Poison,,500,105,105,75,65,100,50,1,FALSE,Purple,TRUE,0.5,Amorphous,,FALSE,1.19,30,75,head_arms,0.094538622
63,Abra,Psychic,,310,25,20,15,105,55,90,1,FALSE,Brown,TRUE,0.75,Human-Like,,FALSE,0.89,19.5,200,bipedal_tailed,0.140458847
383,Groudon,Ground,,670,100,150,140,100,90,90,3,TRUE,Red,FALSE,,Undiscovered,,FALSE,3.51,950,3,bipedal_tailed,0.201846944
493,Arceus,Normal,,720,120,120,120,120,120,120,4,TRUE,Grey,FALSE,,Undiscovered,,FALSE,3.2,320,3,quadruped,0.322112928
379,Registeel,Steel,,580,80,75,150,75,150,50,3,TRUE,Grey,FALSE,,Undiscovered,,FALSE,1.91,205,3,bipedal_tailless,0.316763717
563,Cofagrigus,Ghost,,483,58,50,145,95,105,30,5,FALSE,Yellow,TRUE,0.5,Mineral,Amorphous,FALSE,1.7,76.5,90,head_base,0.402063068
314,Illumise,Bug,,400,65,47,55,73,75,85,3,FALSE,Purple,TRUE,0,Bug,Human-Like,FALSE,0.61,17.7,150,bipedal_tailless,0.611313858
123,Scyther,Bug,Flying,500,70,110,80,55,80,105,1,FALSE,Green,TRUE,0.5,Bug,,FALSE,1.5,56,45,four_wings,0.356487528
595,Joltik,Bug,Electric,319,50,47,50,57,50,65,5,FALSE,Yellow,TRUE,0.5,Bug,,FALSE,0.1,0.6,190,insectoid,0.03131541
418,Buizel,Water,,330,55,65,35,60,30,85,4,FALSE,Brown,TRUE,0.5,Water_1,Field,FALSE,0.71,29.5,190,quadruped,0.713077766
445,Garchomp,Dragon,Ground,600,108,130,95,80,85,102,4,FALSE,Blue,TRUE,0.5,Monster,Dragon,TRUE,1.91,95,45,bipedal_tailed,0.83279045
7,Squirtle,Water,,314,44,48,65,50,64,43,1,FALSE,Blue,TRUE,0.875,Monster,Water_1,FALSE,0.51,9,45,bipedal_tailed,0.345545295
650,Chespin,Grass,,313,56,61,65,48,45,38,6,FALSE,Green,TRUE,0.875,Field,,FALSE,0.41,9,45,bipedal_tailed,0.157302808
194,Wooper,Water,Ground,210,55,45,45,25,25,15,2,FALSE,Blue,TRUE,0.5,Water_1,Field,FALSE,0.41,8.5,255,head_legs,0.58392028
669,Flabb,Fairy,,303,44,38,39,61,79,42,6,FALSE,White,TRUE,0,Fairy,,FALSE,0.1,0.1,225,head_arms,0.831584694
58,Growlithe,Fire,,350,55,70,45,70,50,60,1,FALSE,Brown,TRUE,0.75,Field,,FALSE,0.71,19,190,quadruped,0.916679673
666,Vivillon,Bug,Flying,411,80,52,50,90,50,89,6,FALSE,Black,TRUE,0.5,Bug,,FALSE,1.19,17,45,four_wings,0.502839418
611,Fraxure,Dragon,,410,66,117,70,40,50,67,5,FALSE,Green,TRUE,0.5,Monster,Dragon,FALSE,0.99,36,60,bipedal_tailed,0.10351789
334,Altaria,Dragon,Flying,490,75,70,90,70,105,80,3,FALSE,Blue,TRUE,0.5,Flying,Dragon,TRUE,1.09,20.6,45,two_wings,0.364894235
127,Pinsir,Bug,,500,65,125,100,55,70,85,1,FALSE,Brown,TRUE,0.5,Bug,,TRUE,1.5,55,45,bipedal_tailless,0.956619915
612,Haxorus,Dragon,,540,76,147,90,60,70,97,5,FALSE,Yellow,TRUE,0.5,Monster,Dragon,FALSE,1.8,105.5,45,bipedal_tailed,0.283437746
693,Clawitzer,Water,,500,71,73,88,120,89,59,6,FALSE,Blue,TRUE,0.5,Water_1,Water_3,FALSE,1.3,35.3,55,serpentine_body,0.179088258
126,Magmar,Fire,,495,65,95,57,100,85,93,1,FALSE,Red,TRUE,0.75,Human-Like,,FALSE,1.3,44.5,45,bipedal_tailed,0.578555679
443,Gible,Dragon,Ground,300,58,70,45,40,45,42,4,FALSE,Blue,TRUE,0.5,Monster,Dragon,FALSE,0.71,20.5,45,bipedal_tailed,0.076665508
480,Uxie,Psychic,,580,75,75,130,75,130,95,4,TRUE,Yellow,FALSE,,Undiscovered,,FALSE,0.3,0.3,3,bipedal_tailed,0.226694205
26,Raichu,Electric,,485,60,90,55,90,80,110,1,FALSE,Yellow,TRUE,0.5,Field,Fairy,FALSE,0.79,30,75,bipedal_tailed,0.867943475
208,Steelix,Steel,Ground,510,75,85,200,55,65,30,2,FALSE,Grey,TRUE,0.5,Mineral,,TRUE,9.19,400,25,serpentine_body,0.212307735
115,Kangaskhan,Normal,,490,105,95,80,40,80,90,1,FALSE,Brown,TRUE,0,Monster,,TRUE,2.21,80,45,bipedal_tailed,0.4695417
59,Arcanine,Fire,,555,90,110,80,100,80,95,1,FALSE,Brown,TRUE,0.75,Field,,FALSE,1.91,155,75,quadruped,0.796253323
541,Swadloon,Bug,Grass,380,55,63,90,50,80,42,5,FALSE,Green,TRUE,0.5,Bug,,FALSE,0.51,7.3,120,head_arms,0.208496047
635,Hydreigon,Dark,Dragon,600,92,105,90,125,90,98,5,FALSE,Blue,TRUE,0.5,Dragon,,FALSE,1.8,160,45,bipedal_tailed,0.732744127
287,Slakoth,Normal,,280,60,60,60,35,35,30,3,FALSE,Brown,TRUE,0.5,Field,,FALSE,0.79,24,255,quadruped,0.854981363
306,Aggron,Steel,Rock,530,70,110,180,60,60,50,3,FALSE,Grey,TRUE,0.5,Monster,,TRUE,2.11,360,45,bipedal_tailed,0.332545517
461,Weavile,Dark,Ice,510,70,120,65,45,85,125,4,FALSE,Black,TRUE,0.5,Field,,FALSE,1.09,34,45,bipedal_tailed,0.58739981
410,Shieldon,Rock,Steel,350,30,42,118,42,88,30,4,FALSE,Grey,TRUE,0.875,Monster,,FALSE,0.51,57,45,quadruped,0.819478361
560,Scrafty,Dark,Fighting,488,65,90,115,45,115,58,5,FALSE,Red,TRUE,0.5,Field,Dragon,FALSE,1.09,30,90,bipedal_tailed,0.681927419
407,Roserade,Grass,Poison,515,60,70,65,125,105,90,4,FALSE,Green,TRUE,0.5,Fairy,Grass,FALSE,0.89,14.5,75,bipedal_tailless,0.085780249
424,Ambipom,Normal,,482,75,100,66,60,66,115,4,FALSE,Purple,TRUE,0.5,Field,,FALSE,1.19,20.3,45,bipedal_tailed,0.281668344
444,Gabite,Dragon,Ground,410,68,90,65,50,55,82,4,FALSE,Blue,TRUE,0.5,Monster,Dragon,FALSE,1.4,56,45,bipedal_tailed,0.920512399
539,Sawk,Fighting,,465,75,125,75,30,75,85,5,FALSE,Blue,TRUE,1,Human-Like,,FALSE,1.4,51,45,bipedal_tailless,0.563816479
406,Budew,Grass,Poison,280,40,30,35,50,70,55,4,FALSE,Green,TRUE,0.5,Undiscovered,,FALSE,0.2,1.2,255,bipedal_tailless,0.220291201
405,Luxray,Electric,,523,80,120,79,95,79,70,4,FALSE,Blue,TRUE,0.5,Field,,FALSE,1.4,42,45,quadruped,0.567545673
88,Grimer,Poison,,325,80,80,50,40,50,25,1,FALSE,Purple,TRUE,0.5,Amorphous,,FALSE,0.89,30,190,head_arms,0.107003355
110,Weezing,Poison,,490,65,90,120,85,70,60,1,FALSE,Purple,TRUE,0.5,Amorphous,,FALSE,1.19,9.5,60,multiple_bodies,0.210361678
72,Tentacool,Water,Poison,335,40,40,35,50,100,70,1,FALSE,Blue,TRUE,0.5,Water_3,,FALSE,0.89,45.5,190,several_limbs,0.336963548
77,Ponyta,Fire,,410,50,85,55,65,65,90,1,FALSE,Yellow,TRUE,0.5,Field,,FALSE,0.99,30,190,quadruped,0.960451797
375,Metang,Steel,Psychic,420,60,75,100,55,80,50,3,FALSE,Blue,FALSE,,Mineral,,FALSE,1.19,202.5,3,head_arms,0.454300187
303,Mawile,Steel,Fairy,380,50,85,85,55,55,50,3,FALSE,Black,TRUE,0.5,Field,Fairy,TRUE,0.61,11.5,45,bipedal_tailless,0.125431259
250,Ho-Oh,Fire,Flying,680,106,130,90,110,154,90,2,TRUE,Red,FALSE,,Undiscovered,,FALSE,3.81,199,3,two_wings,0.76552172
498,Tepig,Fire,,308,65,63,45,45,45,45,5,FALSE,Red,TRUE,0.875,Field,,FALSE,0.51,9.9,45,quadruped,0.804935547
440,Happiny,Normal,,220,100,5,5,15,65,30,4,FALSE,Pink,TRUE,0,Undiscovered,,FALSE,0.61,24.4,130,bipedal_tailless,0.408692485
93,Haunter,Ghost,Poison,405,45,50,45,115,55,95,1,FALSE,Purple,TRUE,0.5,Amorphous,,FALSE,1.6,0.1,90,head_arms,0.123664302
331,Cacnea,Grass,,335,50,85,40,85,40,35,3,FALSE,Green,TRUE,0.5,Grass,Human-Like,FALSE,0.41,51.3,190,bipedal_tailless,0.59510898
81,Magnemite,Electric,Steel,325,25,35,70,95,55,45,1,FALSE,Grey,FALSE,,Mineral,,FALSE,0.3,6,190,head_arms,0.367822338
717,Yveltal,Dark,Flying,680,126,131,95,131,98,99,6,TRUE,Red,FALSE,,Undiscovered,,FALSE,5.79,203,45,two_wings,0.662401995
144,Articuno,Ice,Flying,580,90,85,100,95,125,85,1,TRUE,Blue,FALSE,,Undiscovered,,FALSE,1.7,55.4,3,two_wings,0.885646294
584,Vanilluxe,Ice,,535,71,95,85,110,95,79,5,FALSE,White,TRUE,0.5,Mineral,,FALSE,1.3,57.5,45,multiple_bodies,0.780652313
382,Kyogre,Water,,670,100,100,90,150,140,90,3,TRUE,Blue,FALSE,,Undiscovered,,FALSE,4.5,352,3,with_fins,0.317721009
649,Genesect,Bug,Steel,600,71,120,95,120,95,99,5,FALSE,Purple,FALSE,,Undiscovered,,FALSE,1.5,82.5,3,bipedal_tailless,0.339842939
542,Leavanny,Bug,Grass,500,75,103,80,70,80,92,5,FALSE,Yellow,TRUE,0.5,Bug,,FALSE,1.19,20.5,45,bipedal_tailless,0.616900882
265,Wurmple,Bug,,195,45,45,35,20,30,20,3,FALSE,Red,TRUE,0.5,Bug,,FALSE,0.3,3.6,255,serpentine_body,0.108683947
283,Surskit,Bug,Water,269,40,30,32,50,52,65,3,FALSE,Blue,TRUE,0.5,Water_1,Bug,FALSE,0.51,1.7,200,insectoid,0.299953854
504,Patrat,Normal,,255,45,55,39,35,39,42,5,FALSE,Brown,TRUE,0.5,Field,,FALSE,0.51,11.6,255,quadruped,0.412913091
620,Mienshao,Fighting,,510,65,125,60,95,60,105,5,FALSE,Purple,TRUE,0.5,Field,Human-Like,FALSE,1.4,35.5,45,bipedal_tailed,0.056334663
456,Finneon,Water,,330,49,49,56,49,61,66,4,FALSE,Blue,TRUE,0.5,Water_2,,FALSE,0.41,7,190,with_fins,0.745409963
121,Starmie,Water,Psychic,520,60,75,85,100,85,115,1,FALSE,Purple,FALSE,,Water_3,,FALSE,1.09,80,60,head_base,0.729026546
470,Leafeon,Grass,,525,65,110,130,60,65,95,4,FALSE,Green,TRUE,0.875,Field,,FALSE,0.99,25.5,45,quadruped,0.030006839
691,Dragalge,Poison,Dragon,494,65,75,90,97,123,44,6,FALSE,Brown,TRUE,0.5,Water_1,Dragon,FALSE,1.8,81.5,55,head_base,0.42799187
178,Xatu,Psychic,Flying,470,65,75,70,95,70,95,2,FALSE,Green,TRUE,0.5,Flying,,FALSE,1.5,15,75,two_wings,0.028807617
427,Buneary,Normal,,350,55,66,44,44,56,85,4,FALSE,Brown,TRUE,0.5,Field,Human-Like,FALSE,0.41,5.5,190,bipedal_tailed,0.520805247
319,Sharpedo,Water,Dark,460,70,120,40,95,40,95,3,FALSE,Blue,TRUE,0.5,Water_2,,TRUE,1.8,88.8,60,with_fins,0.561884657
594,Alomomola,Water,,470,165,75,80,40,45,65,5,FALSE,Pink,TRUE,0.5,Water_1,Water_2,FALSE,1.19,31.6,75,with_fins,0.869566748
567,Archeops,Rock,Flying,567,75,140,65,112,65,110,5,FALSE,Yellow,TRUE,0.875,Flying,Water_3,FALSE,1.4,32,45,two_wings,0.452730198
442,Spiritomb,Ghost,Dark,485,50,92,108,92,108,35,4,FALSE,Purple,TRUE,0.5,Amorphous,,FALSE,0.99,108,100,head_base,0.545540941
321,Wailord,Water,,500,170,90,45,90,45,60,3,FALSE,Blue,TRUE,0.5,Field,Water_2,FALSE,14.5,398,60,with_fins,0.836145747
282,Gardevoir,Psychic,Fairy,518,68,65,65,125,115,80,3,FALSE,White,TRUE,0.5,Amorphous,,TRUE,1.6,48.4,45,bipedal_tailless,0.328199444
308,Medicham,Fighting,Psychic,410,60,60,75,60,75,80,3,FALSE,Red,TRUE,0.5,Human-Like,,TRUE,1.3,31.5,90,bipedal_tailless,0.821562794
392,Infernape,Fire,Fighting,534,76,104,71,104,71,108,4,FALSE,Brown,TRUE,0.875,Field,Human-Like,FALSE,1.19,55,45,bipedal_tailed,0.034758528
64,Kadabra,Psychic,,400,40,35,30,120,70,105,1,FALSE,Brown,TRUE,0.75,Human-Like,,FALSE,1.3,56.5,100,bipedal_tailed,0.199855326
35,Clefairy,Fairy,,323,70,45,48,60,65,35,1,FALSE,Pink,TRUE,0.25,Fairy,,FALSE,0.61,7.5,150,bipedal_tailed,0.548377862
195,Quagsire,Water,Ground,430,95,85,85,65,65,35,2,FALSE,Blue,TRUE,0.5,Water_1,Field,FALSE,1.4,75,90,bipedal_tailed,0.93725295
83,Farfetch'd,Normal,Flying,352,52,65,55,58,62,60,1,FALSE,Brown,TRUE,0.5,Flying,Field,FALSE,0.79,15,45,two_wings,0.782206217